Train=True,epoch,epoch_examples,sample=(batch_idx * len(data)),loss,lr,rc
train,1,9000,1.22268,None,[0.0001],None
train,1,9222,1.21002,None,[0.0001],None
train,1,9444,1.19175,None,[0.0001],None
train,1,9666,1.04734,None,[0.0001],None
train,1,9888,1.03435,None,[0.0001],None
train,1,10110,0.979081,None,[0.0001],None
train,1,10332,1.00233,None,[0.0001],None
train,1,10554,0.991795,None,[0.0001],None
train,1,10776,1.03562,None,[0.0001],None
train,1,10998,1.00927,None,[0.0001],None
train,1,11220,1.10524,None,[0.0001],None
train,1,11442,1.06057,None,[0.0001],None
train,1,11664,0.993928,None,[0.0001],None
train,1,11886,0.991849,None,[0.0001],None
train,1,12108,0.994929,None,[0.0001],None
train,1,12330,0.993588,None,[0.0001],None
train,1,12552,0.990625,None,[0.0001],None
train,1,12774,0.994525,None,[0.0001],None
train,1,12996,1.00804,None,[0.0001],None
train,1,13218,1.00956,None,[0.0001],None
train,1,13440,1.00577,None,[0.0001],None
train,1,13662,0.994675,None,[0.0001],None
train,1,13884,0.993372,None,[0.0001],None
train,1,14106,0.97431,None,[0.0001],None
train,1,14328,0.980053,None,[0.0001],None
train,1,14550,0.985787,None,[0.0001],None
train,1,14772,0.96145,None,[0.0001],None
train,1,14994,0.978103,None,[0.0001],None
train,1,15216,0.99395,None,[0.0001],None
train,1,15438,0.984024,None,[0.0001],None
train,1,15660,0.982289,None,[0.0001],None
train,1,15882,0.967025,None,[0.0001],None
train,1,16104,0.995554,None,[0.0001],None
train,1,16326,0.967977,None,[0.0001],None
train,1,16548,0.965399,None,[0.0001],None
train,1,16770,0.968522,None,[0.0001],None
train,1,16992,0.969966,None,[0.0001],None
train,1,17214,0.930492,None,[0.0001],None
train,1,17436,0.976499,None,[0.0001],None
train,1,17658,0.950858,None,[0.0001],None
train,1,17658,0.950858,0.166552757,[0.0001],None
val,1,None,1.069902056,0.298227485,None,0.267308005
train,2,18000,0.967854,None,[0.0001],None
train,2,18222,0.973657,None,[0.0001],None
train,2,18444,0.951601,None,[0.0001],None
train,2,18666,0.968738,None,[0.0001],None
train,2,18888,0.94698,None,[0.0001],None
train,2,19110,0.96129,None,[0.0001],None
train,2,19332,0.928716,None,[0.0001],None
train,2,19554,0.957338,None,[0.0001],None
train,2,19776,0.950986,None,[0.0001],None
train,2,19998,0.930184,None,[0.0001],None
train,2,20220,0.938311,None,[0.0001],None
train,2,20442,0.929827,None,[0.0001],None
train,2,20664,0.93146,None,[0.0001],None
train,2,20886,0.964347,None,[0.0001],None
train,2,21108,0.927692,None,[0.0001],None
train,2,21330,0.938889,None,[0.0001],None
train,2,21552,0.900724,None,[0.0001],None
train,2,21774,0.940247,None,[0.0001],None
train,2,21996,0.894263,None,[0.0001],None
train,2,22218,0.903347,None,[0.0001],None
train,2,22440,0.916879,None,[0.0001],None
train,2,22662,0.927921,None,[0.0001],None
train,2,22884,0.9052,None,[0.0001],None
train,2,23106,0.915238,None,[0.0001],None
train,2,23328,0.910621,None,[0.0001],None
train,2,23550,0.869576,None,[0.0001],None
train,2,23772,0.898098,None,[0.0001],None
train,2,23994,0.928252,None,[0.0001],None
train,2,24216,0.895389,None,[0.0001],None
train,2,24438,0.896177,None,[0.0001],None
train,2,24660,0.876312,None,[0.0001],None
train,2,24882,0.862216,None,[0.0001],None
train,2,25104,0.878509,None,[0.0001],None
train,2,25326,0.846632,None,[0.0001],None
train,2,25548,0.887751,None,[0.0001],None
train,2,25770,0.818318,None,[0.0001],None
train,2,25992,0.842194,None,[0.0001],None
train,2,26214,0.852108,None,[0.0001],None
train,2,26436,0.835447,None,[0.0001],None
train,2,26658,0.8268,None,[0.0001],None
train,2,26658,0.8268,0.248600684,[0.0001],None
val,2,None,0.833187813,0.373589585,None,0.208129439
train,3,27000,0.828881,None,[0.0001],None
train,3,27222,0.82862,None,[0.0001],None
train,3,27444,0.827231,None,[0.0001],None
train,3,27666,0.831585,None,[0.0001],None
train,3,27888,0.91828,None,[0.0001],None
train,3,28110,0.813983,None,[0.0001],None
train,3,28332,0.86116,None,[0.0001],None
train,3,28554,0.837819,None,[0.0001],None
train,3,28776,0.907721,None,[0.0001],None
train,3,28998,0.811366,None,[0.0001],None
train,3,29220,0.853181,None,[0.0001],None
train,3,29442,0.895945,None,[0.0001],None
train,3,29664,0.864348,None,[0.0001],None
train,3,29886,0.810756,None,[0.0001],None
train,3,30108,0.78333,None,[0.0001],None
train,3,30330,0.895449,None,[0.0001],None
train,3,30552,0.816134,None,[0.0001],None
train,3,30774,0.859438,None,[0.0001],None
train,3,30996,0.853635,None,[0.0001],None
train,3,31218,0.798361,None,[0.0001],None
train,3,31440,0.761193,None,[0.0001],None
train,3,31662,0.80685,None,[0.0001],None
train,3,31884,0.826022,None,[0.0001],None
train,3,32106,0.830036,None,[0.0001],None
train,3,32328,0.91691,None,[0.0001],None
train,3,32550,0.681839,None,[0.0001],None
train,3,32772,0.759753,None,[0.0001],None
train,3,32994,0.741294,None,[0.0001],None
train,3,33216,0.839616,None,[0.0001],None
train,3,33438,0.814373,None,[0.0001],None
train,3,33660,0.797558,None,[0.0001],None
train,3,33882,0.763335,None,[0.0001],None
train,3,34104,0.746926,None,[0.0001],None
train,3,34326,0.765862,None,[0.0001],None
train,3,34548,0.831414,None,[0.0001],None
train,3,34770,0.777486,None,[0.0001],None
train,3,34992,0.748109,None,[0.0001],None
train,3,35214,0.766686,None,[0.0001],None
train,3,35436,0.730391,None,[0.0001],None
train,3,35658,0.826898,None,[0.0001],None
train,3,35658,0.826898,0.381624563,[0.0001],None
val,3,None,0.782255122,0.417878818,None,0.19539626
train,4,36000,0.836669,None,[0.0001],None
train,4,36222,0.685713,None,[0.0001],None
train,4,36444,0.734021,None,[0.0001],None
train,4,36666,0.762911,None,[0.0001],None
train,4,36888,0.875006,None,[0.0001],None
train,4,37110,0.745131,None,[0.0001],None
train,4,37332,0.718617,None,[0.0001],None
train,4,37554,0.891057,None,[0.0001],None
train,4,37776,0.756345,None,[0.0001],None
train,4,37998,0.797751,None,[0.0001],None
train,4,38220,0.805837,None,[0.0001],None
train,4,38442,0.726303,None,[0.0001],None
train,4,38664,0.847114,None,[0.0001],None
train,4,38886,0.826428,None,[0.0001],None
train,4,39108,0.792759,None,[0.0001],None
train,4,39330,0.768999,None,[0.0001],None
train,4,39552,0.820048,None,[0.0001],None
train,4,39774,0.729867,None,[0.0001],None
train,4,39996,0.839431,None,[0.0001],None
train,4,40218,0.737643,None,[0.0001],None
train,4,40440,0.790418,None,[0.0001],None
train,4,40662,0.801467,None,[0.0001],None
train,4,40884,0.818482,None,[0.0001],None
train,4,41106,0.813723,None,[0.0001],None
train,4,41328,0.76666,None,[0.0001],None
train,4,41550,0.718978,None,[0.0001],None
train,4,41772,0.750644,None,[0.0001],None
train,4,41994,0.827635,None,[0.0001],None
train,4,42216,0.759819,None,[0.0001],None
train,4,42438,0.836582,None,[0.0001],None
train,4,42660,0.793532,None,[0.0001],None
train,4,42882,0.794885,None,[0.0001],None
train,4,43104,0.704737,None,[0.0001],None
train,4,43326,0.651585,None,[0.0001],None
train,4,43548,0.774019,None,[0.0001],None
train,4,43770,0.797324,None,[0.0001],None
train,4,43992,0.73375,None,[0.0001],None
train,4,44214,0.729675,None,[0.0001],None
train,4,44436,0.821355,None,[0.0001],None
train,4,44658,0.770339,None,[0.0001],None
train,4,44658,0.770339,0.4159324,[0.0001],None
val,4,None,0.798113333,0.435183845,None,0.199360807
train,5,45000,0.788503,None,[0.0001],None
train,5,45222,0.748241,None,[0.0001],None
train,5,45444,0.740746,None,[0.0001],None
train,5,45666,0.812714,None,[0.0001],None
train,5,45888,0.76478,None,[0.0001],None
train,5,46110,0.715574,None,[0.0001],None
train,5,46332,0.746102,None,[0.0001],None
train,5,46554,0.789449,None,[0.0001],None
train,5,46776,0.81918,None,[0.0001],None
train,5,46998,0.832417,None,[0.0001],None
train,5,47220,0.75479,None,[0.0001],None
train,5,47442,0.786452,None,[0.0001],None
train,5,47664,0.751315,None,[0.0001],None
train,5,47886,0.705573,None,[0.0001],None
train,5,48108,0.778057,None,[0.0001],None
train,5,48330,0.751183,None,[0.0001],None
train,5,48552,0.719177,None,[0.0001],None
train,5,48774,0.743941,None,[0.0001],None
train,5,48996,0.688018,None,[0.0001],None
train,5,49218,0.780566,None,[0.0001],None
train,5,49440,0.743965,None,[0.0001],None
train,5,49662,0.675802,None,[0.0001],None
train,5,49884,0.703351,None,[0.0001],None
train,5,50106,0.711982,None,[0.0001],None
train,5,50328,0.772052,None,[0.0001],None
train,5,50550,0.768532,None,[0.0001],None
train,5,50772,0.751675,None,[0.0001],None
train,5,50994,0.736087,None,[0.0001],None
train,5,51216,0.785677,None,[0.0001],None
train,5,51438,0.762193,None,[0.0001],None
train,5,51660,0.741888,None,[0.0001],None
train,5,51882,0.815433,None,[0.0001],None
train,5,52104,0.647895,None,[0.0001],None
train,5,52326,0.688368,None,[0.0001],None
train,5,52548,0.692832,None,[0.0001],None
train,5,52770,0.760249,None,[0.0001],None
train,5,52992,0.632867,None,[0.0001],None
train,5,53214,0.786594,None,[0.0001],None
train,5,53436,0.7789,None,[0.0001],None
train,5,53658,0.746099,None,[0.0001],None
train,5,53658,0.746099,0.440680932,[0.0001],None
val,5,None,0.776987453,0.460951935,None,0.194079337
train,6,54000,0.759887,None,[0.0001],None
train,6,54222,0.733147,None,[0.0001],None
train,6,54444,0.741722,None,[0.0001],None
train,6,54666,0.765419,None,[0.0001],None
train,6,54888,0.78286,None,[0.0001],None
train,6,55110,0.737681,None,[0.0001],None
train,6,55332,0.708151,None,[0.0001],None
train,6,55554,0.663713,None,[0.0001],None
train,6,55776,0.668106,None,[0.0001],None
train,6,55998,0.783709,None,[0.0001],None
train,6,56220,0.680392,None,[0.0001],None
train,6,56442,0.674297,None,[0.0001],None
train,6,56664,0.705291,None,[0.0001],None
train,6,56886,0.822517,None,[0.0001],None
train,6,57108,0.72128,None,[0.0001],None
train,6,57330,0.755942,None,[0.0001],None
train,6,57552,0.720689,None,[0.0001],None
train,6,57774,0.751412,None,[0.0001],None
train,6,57996,0.70014,None,[0.0001],None
train,6,58218,0.730712,None,[0.0001],None
train,6,58440,0.77949,None,[0.0001],None
train,6,58662,0.768202,None,[0.0001],None
train,6,58884,0.718941,None,[0.0001],None
train,6,59106,0.762749,None,[0.0001],None
train,6,59328,0.72784,None,[0.0001],None
train,6,59550,0.775915,None,[0.0001],None
train,6,59772,0.737266,None,[0.0001],None
train,6,59994,0.823519,None,[0.0001],None
train,6,60216,0.69019,None,[0.0001],None
train,6,60438,0.706133,None,[0.0001],None
train,6,60660,0.768539,None,[0.0001],None
train,6,60882,0.825046,None,[0.0001],None
train,6,61104,0.74208,None,[0.0001],None
train,6,61326,0.733274,None,[0.0001],None
train,6,61548,0.724903,None,[0.0001],None
train,6,61770,0.805145,None,[0.0001],None
train,6,61992,0.802853,None,[0.0001],None
train,6,62214,0.692875,None,[0.0001],None
train,6,62436,0.711011,None,[0.0001],None
train,6,62658,0.658678,None,[0.0001],None
train,6,62658,0.658678,0.445667299,[0.0001],None
val,6,None,0.753591528,0.472983476,None,0.188230351
train,7,63000,0.780502,None,[0.0001],None
train,7,63222,0.698594,None,[0.0001],None
train,7,63444,0.708971,None,[0.0001],None
train,7,63666,0.736695,None,[0.0001],None
train,7,63888,0.711828,None,[0.0001],None
train,7,64110,0.702133,None,[0.0001],None
train,7,64332,0.697075,None,[0.0001],None
train,7,64554,0.687733,None,[0.0001],None
train,7,64776,0.722583,None,[0.0001],None
train,7,64998,0.680832,None,[0.0001],None
train,7,65220,0.752149,None,[0.0001],None
train,7,65442,0.731311,None,[0.0001],None
train,7,65664,0.725845,None,[0.0001],None
train,7,65886,0.795113,None,[0.0001],None
train,7,66108,0.712176,None,[0.0001],None
train,7,66330,0.651995,None,[0.0001],None
train,7,66552,0.738204,None,[0.0001],None
train,7,66774,0.733866,None,[0.0001],None
train,7,66996,0.763017,None,[0.0001],None
train,7,67218,0.75301,None,[0.0001],None
train,7,67440,0.66613,None,[0.0001],None
train,7,67662,0.742333,None,[0.0001],None
train,7,67884,0.724422,None,[0.0001],None
train,7,68106,0.694987,None,[0.0001],None
train,7,68328,0.786071,None,[0.0001],None
train,7,68550,0.731596,None,[0.0001],None
train,7,68772,0.663572,None,[0.0001],None
train,7,68994,0.726458,None,[0.0001],None
train,7,69216,0.683427,None,[0.0001],None
train,7,69438,0.727734,None,[0.0001],None
train,7,69660,0.871957,None,[0.0001],None
train,7,69882,0.706594,None,[0.0001],None
train,7,70104,0.707944,None,[0.0001],None
train,7,70326,0.811448,None,[0.0001],None
train,7,70548,0.769173,None,[0.0001],None
train,7,70770,0.75471,None,[0.0001],None
train,7,70992,0.757692,None,[0.0001],None
train,7,71214,0.763725,None,[0.0001],None
train,7,71436,0.634776,None,[0.0001],None
train,7,71658,0.702513,None,[0.0001],None
train,7,71658,0.702513,0.448812842,[0.0001],None
val,7,None,0.740456914,0.482234633,None,0.184946691
train,8,72000,0.670047,None,[0.0001],None
train,8,72222,0.693379,None,[0.0001],None
train,8,72444,0.682921,None,[0.0001],None
train,8,72666,0.734264,None,[0.0001],None
train,8,72888,0.70219,None,[0.0001],None
train,8,73110,0.750168,None,[0.0001],None
train,8,73332,0.706937,None,[0.0001],None
train,8,73554,0.707285,None,[0.0001],None
train,8,73776,0.682491,None,[0.0001],None
train,8,73998,0.703204,None,[0.0001],None
train,8,74220,0.746957,None,[0.0001],None
train,8,74442,0.721661,None,[0.0001],None
train,8,74664,0.697046,None,[0.0001],None
train,8,74886,0.682664,None,[0.0001],None
train,8,75108,0.720161,None,[0.0001],None
train,8,75330,0.688395,None,[0.0001],None
train,8,75552,0.735953,None,[0.0001],None
train,8,75774,0.690105,None,[0.0001],None
train,8,75996,0.756081,None,[0.0001],None
train,8,76218,0.730903,None,[0.0001],None
train,8,76440,0.666409,None,[0.0001],None
train,8,76662,0.642079,None,[0.0001],None
train,8,76884,0.691404,None,[0.0001],None
train,8,77106,0.680172,None,[0.0001],None
train,8,77328,0.715201,None,[0.0001],None
train,8,77550,0.631211,None,[0.0001],None
train,8,77772,0.740984,None,[0.0001],None
train,8,77994,0.665044,None,[0.0001],None
train,8,78216,0.668999,None,[0.0001],None
train,8,78438,0.733062,None,[0.0001],None
train,8,78660,0.693913,None,[0.0001],None
train,8,78882,0.645432,None,[0.0001],None
train,8,79104,0.627654,None,[0.0001],None
train,8,79326,0.601164,None,[0.0001],None
train,8,79548,0.7065,None,[0.0001],None
train,8,79770,0.676797,None,[0.0001],None
train,8,79992,0.772125,None,[0.0001],None
train,8,80214,0.652327,None,[0.0001],None
train,8,80436,0.701941,None,[0.0001],None
train,8,80658,0.705852,None,[0.0001],None
train,8,80658,0.705852,0.49390559,[0.0001],None
val,8,None,0.728308219,0.480813897,None,0.181909506
train,9,81000,0.67667,None,[0.0001],None
train,9,81222,0.659863,None,[0.0001],None
train,9,81444,0.781738,None,[0.0001],None
train,9,81666,0.687971,None,[0.0001],None
train,9,81888,0.674634,None,[0.0001],None
train,9,82110,0.629833,None,[0.0001],None
train,9,82332,0.711882,None,[0.0001],None
train,9,82554,0.71546,None,[0.0001],None
train,9,82776,0.743462,None,[0.0001],None
train,9,82998,0.69542,None,[0.0001],None
train,9,83220,0.668997,None,[0.0001],None
train,9,83442,0.642709,None,[0.0001],None
train,9,83664,0.638424,None,[0.0001],None
train,9,83886,0.689105,None,[0.0001],None
train,9,84108,0.700228,None,[0.0001],None
train,9,84330,0.67349,None,[0.0001],None
train,9,84552,0.680699,None,[0.0001],None
train,9,84774,0.721291,None,[0.0001],None
train,9,84996,0.70266,None,[0.0001],None
train,9,85218,0.657189,None,[0.0001],None
train,9,85440,0.643321,None,[0.0001],None
train,9,85662,0.67398,None,[0.0001],None
train,9,85884,0.769624,None,[0.0001],None
train,9,86106,0.706242,None,[0.0001],None
train,9,86328,0.689628,None,[0.0001],None
train,9,86550,0.690859,None,[0.0001],None
train,9,86772,0.678935,None,[0.0001],None
train,9,86994,0.753753,None,[0.0001],None
train,9,87216,0.690339,None,[0.0001],None
train,9,87438,0.645252,None,[0.0001],None
train,9,87660,0.764398,None,[0.0001],None
train,9,87882,0.576345,None,[0.0001],None
train,9,88104,0.751616,None,[0.0001],None
train,9,88326,0.73251,None,[0.0001],None
train,9,88548,0.635331,None,[0.0001],None
train,9,88770,0.690696,None,[0.0001],None
train,9,88992,0.807793,None,[0.0001],None
train,9,89214,0.642357,None,[0.0001],None
train,9,89436,0.692121,None,[0.0001],None
train,9,89658,0.800953,None,[0.0001],None
train,9,89658,0.800953,0.487201473,[0.0001],None
val,9,None,0.787645872,0.487796321,None,0.196743918
train,10,90000,0.802676,None,[0.0001],None
train,10,90222,0.782236,None,[0.0001],None
train,10,90444,0.639148,None,[0.0001],None
train,10,90666,0.797857,None,[0.0001],None
train,10,90888,0.72408,None,[0.0001],None
train,10,91110,0.694608,None,[0.0001],None
train,10,91332,0.729395,None,[0.0001],None
train,10,91554,0.672886,None,[0.0001],None
train,10,91776,0.699589,None,[0.0001],None
train,10,91998,0.742151,None,[0.0001],None
train,10,92220,0.744135,None,[0.0001],None
train,10,92442,0.733396,None,[0.0001],None
train,10,92664,0.678098,None,[0.0001],None
train,10,92886,0.620471,None,[0.0001],None
train,10,93108,0.686846,None,[0.0001],None
train,10,93330,0.730068,None,[0.0001],None
train,10,93552,0.807292,None,[0.0001],None
train,10,93774,0.686157,None,[0.0001],None
train,10,93996,0.621723,None,[0.0001],None
train,10,94218,0.764464,None,[0.0001],None
train,10,94440,0.713868,None,[0.0001],None
train,10,94662,0.606016,None,[0.0001],None
train,10,94884,0.635201,None,[0.0001],None
train,10,95106,0.668442,None,[0.0001],None
train,10,95328,0.645574,None,[0.0001],None
train,10,95550,0.717164,None,[0.0001],None
train,10,95772,0.654051,None,[0.0001],None
train,10,95994,0.738537,None,[0.0001],None
train,10,96216,0.699264,None,[0.0001],None
train,10,96438,0.645808,None,[0.0001],None
train,10,96660,0.600753,None,[0.0001],None
train,10,96882,0.710391,None,[0.0001],None
train,10,97104,0.81774,None,[0.0001],None
train,10,97326,0.594041,None,[0.0001],None
train,10,97548,0.611861,None,[0.0001],None
train,10,97770,0.67871,None,[0.0001],None
train,10,97992,0.727435,None,[0.0001],None
train,10,98214,0.559624,None,[0.0001],None
train,10,98436,0.707268,None,[0.0001],None
train,10,98658,0.6444,None,[0.0001],None
train,10,98658,0.6444,0.476158623,[0.0001],None
val,10,None,0.69124966,0.492200399,None,0.17264485
train,11,99000,0.636606,None,[0.0001],None
train,11,99222,0.679665,None,[0.0001],None
train,11,99444,0.692049,None,[0.0001],None
train,11,99666,0.672844,None,[0.0001],None
train,11,99888,0.691241,None,[0.0001],None
train,11,100110,0.704843,None,[0.0001],None
train,11,100332,0.61965,None,[0.0001],None
train,11,100554,0.673262,None,[0.0001],None
train,11,100776,0.648374,None,[0.0001],None
train,11,100998,0.735423,None,[0.0001],None
train,11,101220,0.597669,None,[0.0001],None
train,11,101442,0.653532,None,[0.0001],None
train,11,101664,0.723907,None,[0.0001],None
train,11,101886,0.688453,None,[0.0001],None
train,11,102108,0.568739,None,[0.0001],None
train,11,102330,0.702018,None,[0.0001],None
train,11,102552,0.538823,None,[0.0001],None
train,11,102774,0.592193,None,[0.0001],None
train,11,102996,0.657442,None,[0.0001],None
train,11,103218,0.66882,None,[0.0001],None
train,11,103440,0.737665,None,[0.0001],None
train,11,103662,0.620228,None,[0.0001],None
train,11,103884,0.78993,None,[0.0001],None
train,11,104106,0.672008,None,[0.0001],None
train,11,104328,0.543387,None,[0.0001],None
train,11,104550,0.706643,None,[0.0001],None
train,11,104772,0.602213,None,[0.0001],None
train,11,104994,0.699837,None,[0.0001],None
train,11,105216,0.601761,None,[0.0001],None
train,11,105438,0.699539,None,[0.0001],None
train,11,105660,0.715294,None,[0.0001],None
train,11,105882,0.717301,None,[0.0001],None
train,11,106104,0.74856,None,[0.0001],None
train,11,106326,0.565511,None,[0.0001],None
train,11,106548,0.674928,None,[0.0001],None
train,11,106770,0.671163,None,[0.0001],None
train,11,106992,0.681263,None,[0.0001],None
train,11,107214,0.769203,None,[0.0001],None
train,11,107436,0.624392,None,[0.0001],None
train,11,107658,0.712698,None,[0.0001],None
train,11,107658,0.712698,0.504104694,[0.0001],None
val,11,None,0.694865662,0.496687063,None,0.17354885
train,12,108000,0.687502,None,[0.0001],None
train,12,108222,0.742777,None,[0.0001],None
train,12,108444,0.686282,None,[0.0001],None
train,12,108666,0.524949,None,[0.0001],None
train,12,108888,0.628905,None,[0.0001],None
train,12,109110,0.583066,None,[0.0001],None
train,12,109332,0.691179,None,[0.0001],None
train,12,109554,0.609681,None,[0.0001],None
train,12,109776,0.648009,None,[0.0001],None
train,12,109998,0.664756,None,[0.0001],None
train,12,110220,0.660645,None,[0.0001],None
train,12,110442,0.655487,None,[0.0001],None
train,12,110664,0.61972,None,[0.0001],None
train,12,110886,0.63366,None,[0.0001],None
train,12,111108,0.630727,None,[0.0001],None
train,12,111330,0.685688,None,[0.0001],None
train,12,111552,0.743838,None,[0.0001],None
train,12,111774,0.726045,None,[0.0001],None
train,12,111996,0.684862,None,[0.0001],None
train,12,112218,0.710112,None,[0.0001],None
train,12,112440,0.598235,None,[0.0001],None
train,12,112662,0.614283,None,[0.0001],None
train,12,112884,0.700534,None,[0.0001],None
train,12,113106,0.74678,None,[0.0001],None
train,12,113328,0.659512,None,[0.0001],None
train,12,113550,0.627741,None,[0.0001],None
train,12,113772,0.710905,None,[0.0001],None
train,12,113994,0.544971,None,[0.0001],None
train,12,114216,0.731091,None,[0.0001],None
train,12,114438,0.592351,None,[0.0001],None
train,12,114660,0.579647,None,[0.0001],None
train,12,114882,0.741071,None,[0.0001],None
train,12,115104,0.607686,None,[0.0001],None
train,12,115326,0.706708,None,[0.0001],None
train,12,115548,0.656057,None,[0.0001],None
train,12,115770,0.617738,None,[0.0001],None
train,12,115992,0.63364,None,[0.0001],None
train,12,116214,0.677809,None,[0.0001],None
train,12,116436,0.722731,None,[0.0001],None
train,12,116658,0.71503,None,[0.0001],None
train,12,116658,0.71503,0.504684521,[0.0001],None
val,12,None,0.680680646,0.497874714,None,0.170002598
train,13,117000,0.585507,None,[0.0001],None
train,13,117222,0.679232,None,[0.0001],None
train,13,117444,0.65347,None,[0.0001],None
train,13,117666,0.817005,None,[0.0001],None
train,13,117888,0.696236,None,[0.0001],None
train,13,118110,0.606039,None,[0.0001],None
train,13,118332,0.737475,None,[0.0001],None
train,13,118554,0.592055,None,[0.0001],None
train,13,118776,0.685616,None,[0.0001],None
train,13,118998,0.685084,None,[0.0001],None
train,13,119220,0.607058,None,[0.0001],None
train,13,119442,0.778509,None,[0.0001],None
train,13,119664,0.682306,None,[0.0001],None
train,13,119886,0.688331,None,[0.0001],None
train,13,120108,0.665798,None,[0.0001],None
train,13,120330,0.775962,None,[0.0001],None
train,13,120552,0.701827,None,[0.0001],None
train,13,120774,0.606131,None,[0.0001],None
train,13,120996,0.599795,None,[0.0001],None
train,13,121218,0.613259,None,[0.0001],None
train,13,121440,0.645802,None,[0.0001],None
train,13,121662,0.629827,None,[0.0001],None
train,13,121884,0.602691,None,[0.0001],None
train,13,122106,0.659304,None,[0.0001],None
train,13,122328,0.563063,None,[0.0001],None
train,13,122550,0.629089,None,[0.0001],None
train,13,122772,0.661798,None,[0.0001],None
train,13,122994,0.754152,None,[0.0001],None
train,13,123216,0.696034,None,[0.0001],None
train,13,123438,0.587906,None,[0.0001],None
train,13,123660,0.68772,None,[0.0001],None
train,13,123882,0.644827,None,[0.0001],None
train,13,124104,0.668638,None,[0.0001],None
train,13,124326,0.6632,None,[0.0001],None
train,13,124548,0.565735,None,[0.0001],None
train,13,124770,0.682894,None,[0.0001],None
train,13,124992,0.707557,None,[0.0001],None
train,13,125214,0.591913,None,[0.0001],None
train,13,125436,0.669802,None,[0.0001],None
train,13,125658,0.655565,None,[0.0001],None
train,13,125658,0.655565,0.489389995,[0.0001],None
val,13,None,0.803251587,0.497627269,None,0.200645324
train,14,126000,0.550827,None,[0.0001],None
train,14,126222,0.567832,None,[0.0001],None
train,14,126444,0.742467,None,[0.0001],None
train,14,126666,0.517733,None,[0.0001],None
train,14,126888,0.620373,None,[0.0001],None
train,14,127110,0.673105,None,[0.0001],None
train,14,127332,0.696243,None,[0.0001],None
train,14,127554,0.707458,None,[0.0001],None
train,14,127776,0.721057,None,[0.0001],None
train,14,127998,0.75028,None,[0.0001],None
train,14,128220,0.634043,None,[0.0001],None
train,14,128442,0.583154,None,[0.0001],None
train,14,128664,0.554931,None,[0.0001],None
train,14,128886,0.690916,None,[0.0001],None
train,14,129108,0.666685,None,[0.0001],None
train,14,129330,0.663038,None,[0.0001],None
train,14,129552,0.682678,None,[0.0001],None
train,14,129774,0.667161,None,[0.0001],None
train,14,129996,0.62267,None,[0.0001],None
train,14,130218,0.691,None,[0.0001],None
train,14,130440,0.727851,None,[0.0001],None
train,14,130662,0.652347,None,[0.0001],None
train,14,130884,0.607404,None,[0.0001],None
train,14,131106,0.691976,None,[0.0001],None
train,14,131328,0.662234,None,[0.0001],None
train,14,131550,0.70537,None,[0.0001],None
train,14,131772,0.648297,None,[0.0001],None
train,14,131994,0.632189,None,[0.0001],None
train,14,132216,0.724881,None,[0.0001],None
train,14,132438,0.648107,None,[0.0001],None
train,14,132660,0.621329,None,[0.0001],None
train,14,132882,0.676641,None,[0.0001],None
train,14,133104,0.675185,None,[0.0001],None
train,14,133326,0.651037,None,[0.0001],None
train,14,133548,0.627747,None,[0.0001],None
train,14,133770,0.627195,None,[0.0001],None
train,14,133992,0.619082,None,[0.0001],None
train,14,134214,0.626931,None,[0.0001],None
train,14,134436,0.575999,None,[0.0001],None
train,14,134658,0.592963,None,[0.0001],None
train,14,134658,0.592963,0.511826196,[0.0001],None
val,14,None,0.673470047,0.505428994,None,0.168199943
train,15,135000,0.660382,None,[0.0001],None
train,15,135222,0.613579,None,[0.0001],None
train,15,135444,0.666953,None,[0.0001],None
train,15,135666,0.564556,None,[0.0001],None
train,15,135888,0.558134,None,[0.0001],None
train,15,136110,0.624304,None,[0.0001],None
train,15,136332,0.661247,None,[0.0001],None
train,15,136554,0.643243,None,[0.0001],None
train,15,136776,0.710365,None,[0.0001],None
train,15,136998,0.686945,None,[0.0001],None
train,15,137220,0.634041,None,[0.0001],None
train,15,137442,0.71525,None,[0.0001],None
train,15,137664,0.718257,None,[0.0001],None
train,15,137886,0.658142,None,[0.0001],None
train,15,138108,0.637312,None,[0.0001],None
train,15,138330,0.612504,None,[0.0001],None
train,15,138552,0.587757,None,[0.0001],None
train,15,138774,0.613287,None,[0.0001],None
train,15,138996,0.626355,None,[0.0001],None
train,15,139218,0.661003,None,[0.0001],None
train,15,139440,0.632745,None,[0.0001],None
train,15,139662,0.533601,None,[0.0001],None
train,15,139884,0.639728,None,[0.0001],None
train,15,140106,0.706871,None,[0.0001],None
train,15,140328,0.686596,None,[0.0001],None
train,15,140550,0.641712,None,[0.0001],None
train,15,140772,0.681411,None,[0.0001],None
train,15,140994,0.664579,None,[0.0001],None
train,15,141216,0.684896,None,[0.0001],None
train,15,141438,0.610207,None,[0.0001],None
train,15,141660,0.570481,None,[0.0001],None
train,15,141882,0.682013,None,[0.0001],None
train,15,142104,0.654753,None,[0.0001],None
train,15,142326,0.65765,None,[0.0001],None
train,15,142548,0.697996,None,[0.0001],None
train,15,142770,0.633154,None,[0.0001],None
train,15,142992,0.640986,None,[0.0001],None
train,15,143214,0.575702,None,[0.0001],None
train,15,143436,0.535989,None,[0.0001],None
train,15,143658,0.571118,None,[0.0001],None
train,15,143658,0.571118,0.514614743,[0.0001],None
val,15,None,0.760810007,0.506954926,None,0.190034935
train,16,144000,0.673839,None,[0.0001],None
train,16,144222,0.713187,None,[0.0001],None
train,16,144444,0.577925,None,[0.0001],None
train,16,144666,0.604097,None,[0.0001],None
train,16,144888,0.61644,None,[0.0001],None
train,16,145110,0.598555,None,[0.0001],None
train,16,145332,0.742899,None,[0.0001],None
train,16,145554,0.643391,None,[0.0001],None
train,16,145776,0.570525,None,[0.0001],None
train,16,145998,0.568686,None,[0.0001],None
train,16,146220,0.626748,None,[0.0001],None
train,16,146442,0.635125,None,[0.0001],None
train,16,146664,0.640661,None,[0.0001],None
train,16,146886,0.630819,None,[0.0001],None
train,16,147108,0.663787,None,[0.0001],None
train,16,147330,0.656127,None,[0.0001],None
train,16,147552,0.597418,None,[0.0001],None
train,16,147774,0.645617,None,[0.0001],None
train,16,147996,0.565827,None,[0.0001],None
train,16,148218,0.62869,None,[0.0001],None
train,16,148440,0.606255,None,[0.0001],None
train,16,148662,0.681328,None,[0.0001],None
train,16,148884,0.719502,None,[0.0001],None
train,16,149106,0.585118,None,[0.0001],None
train,16,149328,0.667604,None,[0.0001],None
train,16,149550,0.585217,None,[0.0001],None
train,16,149772,0.662103,None,[0.0001],None
train,16,149994,0.622422,None,[0.0001],None
train,16,150216,0.717832,None,[0.0001],None
train,16,150438,0.73157,None,[0.0001],None
train,16,150660,0.51716,None,[0.0001],None
train,16,150882,0.741575,None,[0.0001],None
train,16,151104,0.672748,None,[0.0001],None
train,16,151326,0.635088,None,[0.0001],None
train,16,151548,0.605249,None,[0.0001],None
train,16,151770,0.608484,None,[0.0001],None
train,16,151992,0.706129,None,[0.0001],None
train,16,152214,0.62213,None,[0.0001],None
train,16,152436,0.728743,None,[0.0001],None
train,16,152658,0.58579,None,[0.0001],None
train,16,152658,0.58579,0.519326315,[0.0001],None
val,16,None,0.710282137,0.509704102,None,0.177402956
train,17,153000,0.597635,None,[0.0001],None
train,17,153222,0.570895,None,[0.0001],None
train,17,153444,0.641784,None,[0.0001],None
train,17,153666,0.558454,None,[0.0001],None
train,17,153888,0.601653,None,[0.0001],None
train,17,154110,0.556517,None,[0.0001],None
train,17,154332,0.589414,None,[0.0001],None
train,17,154554,0.617886,None,[0.0001],None
train,17,154776,0.620467,None,[0.0001],None
train,17,154998,0.687475,None,[0.0001],None
train,17,155220,0.611773,None,[0.0001],None
train,17,155442,0.703737,None,[0.0001],None
train,17,155664,0.676873,None,[0.0001],None
train,17,155886,0.656467,None,[0.0001],None
train,17,156108,0.505067,None,[0.0001],None
train,17,156330,0.587534,None,[0.0001],None
train,17,156552,0.707788,None,[0.0001],None
train,17,156774,0.657861,None,[0.0001],None
train,17,156996,0.58244,None,[0.0001],None
train,17,157218,0.507166,None,[0.0001],None
train,17,157440,0.663117,None,[0.0001],None
train,17,157662,0.644414,None,[0.0001],None
train,17,157884,0.545109,None,[0.0001],None
train,17,158106,0.639396,None,[0.0001],None
train,17,158328,0.657345,None,[0.0001],None
train,17,158550,0.676104,None,[0.0001],None
train,17,158772,0.628364,None,[0.0001],None
train,17,158994,0.610598,None,[0.0001],None
train,17,159216,0.620165,None,[0.0001],None
train,17,159438,0.567773,None,[0.0001],None
train,17,159660,0.58659,None,[0.0001],None
train,17,159882,0.63261,None,[0.0001],None
train,17,160104,0.695994,None,[0.0001],None
train,17,160326,0.740869,None,[0.0001],None
train,17,160548,0.721654,None,[0.0001],None
train,17,160770,0.609964,None,[0.0001],None
train,17,160992,0.586245,None,[0.0001],None
train,17,161214,0.688362,None,[0.0001],None
train,17,161436,0.632347,None,[0.0001],None
train,17,161658,0.666726,None,[0.0001],None
train,17,161658,0.666726,0.53174904,[0.0001],None
val,17,None,0.680105989,0.51274834,None,0.169858923
train,18,162000,0.607376,None,[0.0001],None
train,18,162222,0.553995,None,[0.0001],None
train,18,162444,0.508906,None,[0.0001],None
train,18,162666,0.563947,None,[0.0001],None
train,18,162888,0.577964,None,[0.0001],None
train,18,163110,0.589038,None,[0.0001],None
train,18,163332,0.653121,None,[0.0001],None
train,18,163554,0.770405,None,[0.0001],None
train,18,163776,0.648753,None,[0.0001],None
train,18,163998,0.55444,None,[0.0001],None
train,18,164220,0.620141,None,[0.0001],None
train,18,164442,0.589778,None,[0.0001],None
train,18,164664,0.613183,None,[0.0001],None
train,18,164886,0.543298,None,[0.0001],None
train,18,165108,0.592676,None,[0.0001],None
train,18,165330,0.591747,None,[0.0001],None
train,18,165552,0.596177,None,[0.0001],None
train,18,165774,0.627095,None,[0.0001],None
train,18,165996,0.605079,None,[0.0001],None
train,18,166218,0.466057,None,[0.0001],None
train,18,166440,0.62263,None,[0.0001],None
train,18,166662,0.556121,None,[0.0001],None
train,18,166884,0.503454,None,[0.0001],None
train,18,167106,0.586372,None,[0.0001],None
train,18,167328,0.68439,None,[0.0001],None
train,18,167550,0.631932,None,[0.0001],None
train,18,167772,0.595444,None,[0.0001],None
train,18,167994,0.607676,None,[0.0001],None
train,18,168216,0.5563,None,[0.0001],None
train,18,168438,0.602382,None,[0.0001],None
train,18,168660,0.621182,None,[0.0001],None
train,18,168882,0.664544,None,[0.0001],None
train,18,169104,0.715015,None,[0.0001],None
train,18,169326,0.588173,None,[0.0001],None
train,18,169548,0.587604,None,[0.0001],None
train,18,169770,0.62263,None,[0.0001],None
train,18,169992,0.641191,None,[0.0001],None
train,18,170214,0.61553,None,[0.0001],None
train,18,170436,0.580654,None,[0.0001],None
train,18,170658,0.603984,None,[0.0001],None
train,18,170658,0.603984,0.550019884,[0.0001],None
val,18,None,0.657987733,0.508683779,None,0.164329355
train,19,171000,0.661692,None,[0.0001],None
train,19,171222,0.589238,None,[0.0001],None
train,19,171444,0.549249,None,[0.0001],None
train,19,171666,0.587288,None,[0.0001],None
train,19,171888,0.640877,None,[0.0001],None
train,19,172110,0.530075,None,[0.0001],None
train,19,172332,0.627274,None,[0.0001],None
train,19,172554,0.647571,None,[0.0001],None
train,19,172776,0.701853,None,[0.0001],None
train,19,172998,0.576516,None,[0.0001],None
train,19,173220,0.540284,None,[0.0001],None
train,19,173442,0.577009,None,[0.0001],None
train,19,173664,0.63109,None,[0.0001],None
train,19,173886,0.581668,None,[0.0001],None
train,19,174108,0.618337,None,[0.0001],None
train,19,174330,0.5842,None,[0.0001],None
train,19,174552,0.570938,None,[0.0001],None
train,19,174774,0.568627,None,[0.0001],None
train,19,174996,0.542466,None,[0.0001],None
train,19,175218,0.559117,None,[0.0001],None
train,19,175440,0.611552,None,[0.0001],None
train,19,175662,0.536,None,[0.0001],None
train,19,175884,0.705329,None,[0.0001],None
train,19,176106,0.51496,None,[0.0001],None
train,19,176328,0.538238,None,[0.0001],None
train,19,176550,0.713545,None,[0.0001],None
train,19,176772,0.670632,None,[0.0001],None
train,19,176994,0.663543,None,[0.0001],None
train,19,177216,0.626627,None,[0.0001],None
train,19,177438,0.601474,None,[0.0001],None
train,19,177660,0.62371,None,[0.0001],None
train,19,177882,0.649716,None,[0.0001],None
train,19,178104,0.572698,None,[0.0001],None
train,19,178326,0.56767,None,[0.0001],None
train,19,178548,0.617175,None,[0.0001],None
train,19,178770,0.504747,None,[0.0001],None
train,19,178992,0.678813,None,[0.0001],None
train,19,179214,0.658388,None,[0.0001],None
train,19,179436,0.635455,None,[0.0001],None
train,19,179658,0.556663,None,[0.0001],None
train,19,179658,0.556663,0.553280093,[0.0001],None
val,19,None,0.743747888,0.512319819,None,0.185769376
train,20,180000,0.527142,None,[0.0001],None
train,20,180222,0.596664,None,[0.0001],None
train,20,180444,0.554229,None,[0.0001],None
train,20,180666,0.524611,None,[0.0001],None
train,20,180888,0.630009,None,[0.0001],None
train,20,181110,0.605378,None,[0.0001],None
train,20,181332,0.657265,None,[0.0001],None
train,20,181554,0.61136,None,[0.0001],None
train,20,181776,0.673557,None,[0.0001],None
train,20,181998,0.614778,None,[0.0001],None
train,20,182220,0.559025,None,[0.0001],None
train,20,182442,0.63728,None,[0.0001],None
train,20,182664,0.536576,None,[0.0001],None
train,20,182886,0.655523,None,[0.0001],None
train,20,183108,0.579281,None,[0.0001],None
train,20,183330,0.589077,None,[0.0001],None
train,20,183552,0.587033,None,[0.0001],None
train,20,183774,0.574307,None,[0.0001],None
train,20,183996,0.528805,None,[0.0001],None
train,20,184218,0.655738,None,[0.0001],None
train,20,184440,0.64466,None,[0.0001],None
train,20,184662,0.608631,None,[0.0001],None
train,20,184884,0.615931,None,[0.0001],None
train,20,185106,0.574702,None,[0.0001],None
train,20,185328,0.649568,None,[0.0001],None
train,20,185550,0.669938,None,[0.0001],None
train,20,185772,0.687145,None,[0.0001],None
train,20,185994,0.531336,None,[0.0001],None
train,20,186216,0.522684,None,[0.0001],None
train,20,186438,0.613401,None,[0.0001],None
train,20,186660,0.505112,None,[0.0001],None
train,20,186882,0.586869,None,[0.0001],None
train,20,187104,0.649614,None,[0.0001],None
train,20,187326,0.728236,None,[0.0001],None
train,20,187548,0.585089,None,[0.0001],None
train,20,187770,0.609611,None,[0.0001],None
train,20,187992,0.640749,None,[0.0001],None
train,20,188214,0.633959,None,[0.0001],None
train,20,188436,0.636878,None,[0.0001],None
train,20,188658,0.624636,None,[0.0001],None
train,20,188658,0.624636,0.540918,[0.0001],None
val,20,None,0.788458988,0.499783179,None,0.196947151
train,21,189000,0.606623,None,[0.0001],None
train,21,189222,0.549493,None,[0.0001],None
train,21,189444,0.624448,None,[0.0001],None
train,21,189666,0.675056,None,[0.0001],None
train,21,189888,0.685086,None,[0.0001],None
train,21,190110,0.615272,None,[0.0001],None
train,21,190332,0.700994,None,[0.0001],None
train,21,190554,0.65926,None,[0.0001],None
train,21,190776,0.60191,None,[0.0001],None
train,21,190998,0.572486,None,[0.0001],None
train,21,191220,0.62306,None,[0.0001],None
train,21,191442,0.650725,None,[0.0001],None
train,21,191664,0.633028,None,[0.0001],None
train,21,191886,0.588205,None,[0.0001],None
train,21,192108,0.516794,None,[0.0001],None
train,21,192330,0.599504,None,[0.0001],None
train,21,192552,0.657847,None,[0.0001],None
train,21,192774,0.591013,None,[0.0001],None
train,21,192996,0.519808,None,[0.0001],None
train,21,193218,0.525391,None,[0.0001],None
train,21,193440,0.583956,None,[0.0001],None
train,21,193662,0.61772,None,[0.0001],None
train,21,193884,0.529606,None,[0.0001],None
train,21,194106,0.618617,None,[0.0001],None
train,21,194328,0.678975,None,[0.0001],None
train,21,194550,0.582537,None,[0.0001],None
train,21,194772,0.576652,None,[0.0001],None
train,21,194994,0.520655,None,[0.0001],None
train,21,195216,0.586722,None,[0.0001],None
train,21,195438,0.542994,None,[0.0001],None
train,21,195660,0.616437,None,[0.0001],None
train,21,195882,0.626139,None,[0.0001],None
train,21,196104,0.558065,None,[0.0001],None
train,21,196326,0.680417,None,[0.0001],None
train,21,196548,0.497693,None,[0.0001],None
train,21,196770,0.499336,None,[0.0001],None
train,21,196992,0.611929,None,[0.0001],None
train,21,197214,0.576379,None,[0.0001],None
train,21,197436,0.543176,None,[0.0001],None
train,21,197658,0.615538,None,[0.0001],None
train,21,197658,0.615538,0.558761887,[0.0001],None
val,21,None,0.666445654,0.507940052,None,0.166443819
train,22,198000,0.553925,None,[0.0001],None
train,22,198222,0.49872,None,[0.0001],None
train,22,198444,0.562935,None,[0.0001],None
train,22,198666,0.515683,None,[0.0001],None
train,22,198888,0.624164,None,[0.0001],None
train,22,199110,0.63171,None,[0.0001],None
train,22,199332,0.653321,None,[0.0001],None
train,22,199554,0.617613,None,[0.0001],None
train,22,199776,0.58835,None,[0.0001],None
train,22,199998,0.622092,None,[0.0001],None
train,22,200220,0.618637,None,[0.0001],None
train,22,200442,0.788649,None,[0.0001],None
train,22,200664,0.616347,None,[0.0001],None
train,22,200886,0.593547,None,[0.0001],None
train,22,201108,0.596967,None,[0.0001],None
train,22,201330,0.611565,None,[0.0001],None
train,22,201552,0.653397,None,[0.0001],None
train,22,201774,0.776244,None,[0.0001],None
train,22,201996,0.630845,None,[0.0001],None
train,22,202218,0.630159,None,[0.0001],None
train,22,202440,0.602932,None,[0.0001],None
train,22,202662,0.633262,None,[0.0001],None
train,22,202884,0.672594,None,[0.0001],None
train,22,203106,0.672778,None,[0.0001],None
train,22,203328,0.642946,None,[0.0001],None
train,22,203550,0.586123,None,[0.0001],None
train,22,203772,0.592688,None,[0.0001],None
train,22,203994,0.653157,None,[0.0001],None
train,22,204216,0.766634,None,[0.0001],None
train,22,204438,0.668383,None,[0.0001],None
train,22,204660,0.64853,None,[0.0001],None
train,22,204882,0.606428,None,[0.0001],None
train,22,205104,0.546192,None,[0.0001],None
train,22,205326,0.563174,None,[0.0001],None
train,22,205548,0.626823,None,[0.0001],None
train,22,205770,0.582634,None,[0.0001],None
train,22,205992,0.557943,None,[0.0001],None
train,22,206214,0.590119,None,[0.0001],None
train,22,206436,0.594565,None,[0.0001],None
train,22,206658,0.573217,None,[0.0001],None
train,22,206658,0.573217,0.514223784,[0.0001],None
val,22,None,0.671745277,0.515057445,None,0.167768702
train,23,207000,0.526535,None,[0.0001],None
train,23,207222,0.642946,None,[0.0001],None
train,23,207444,0.566789,None,[0.0001],None
train,23,207666,0.58118,None,[0.0001],None
train,23,207888,0.558472,None,[0.0001],None
train,23,208110,0.63158,None,[0.0001],None
train,23,208332,0.571448,None,[0.0001],None
train,23,208554,0.539419,None,[0.0001],None
train,23,208776,0.63281,None,[0.0001],None
train,23,208998,0.620123,None,[0.0001],None
train,23,209220,0.492486,None,[0.0001],None
train,23,209442,0.510992,None,[0.0001],None
train,23,209664,0.588997,None,[0.0001],None
train,23,209886,0.566986,None,[0.0001],None
train,23,210108,0.542862,None,[0.0001],None
train,23,210330,0.585549,None,[0.0001],None
train,23,210552,0.562016,None,[0.0001],None
train,23,210774,0.617325,None,[0.0001],None
train,23,210996,0.603819,None,[0.0001],None
train,23,211218,0.63799,None,[0.0001],None
train,23,211440,0.630379,None,[0.0001],None
train,23,211662,0.576179,None,[0.0001],None
train,23,211884,0.5128,None,[0.0001],None
train,23,212106,0.62501,None,[0.0001],None
train,23,212328,0.698081,None,[0.0001],None
train,23,212550,0.590177,None,[0.0001],None
train,23,212772,0.732476,None,[0.0001],None
train,23,212994,0.580237,None,[0.0001],None
train,23,213216,0.569669,None,[0.0001],None
train,23,213438,0.596892,None,[0.0001],None
train,23,213660,0.609377,None,[0.0001],None
train,23,213882,0.476955,None,[0.0001],None
train,23,214104,0.500307,None,[0.0001],None
train,23,214326,0.568981,None,[0.0001],None
train,23,214548,0.576086,None,[0.0001],None
train,23,214770,0.582928,None,[0.0001],None
train,23,214992,0.567761,None,[0.0001],None
train,23,215214,0.577036,None,[0.0001],None
train,23,215436,0.672615,None,[0.0001],None
train,23,215658,0.604128,None,[0.0001],None
train,23,215658,0.604128,0.543858398,[0.0001],None
val,23,None,0.709798412,0.521259577,None,0.177281995
train,24,216000,0.545563,None,[0.0001],None
train,24,216222,0.544831,None,[0.0001],None
train,24,216444,0.471474,None,[0.0001],None
train,24,216666,0.566243,None,[0.0001],None
train,24,216888,0.672435,None,[0.0001],None
train,24,217110,0.592453,None,[0.0001],None
train,24,217332,0.579527,None,[0.0001],None
train,24,217554,0.670078,None,[0.0001],None
train,24,217776,0.562724,None,[0.0001],None
train,24,217998,0.628279,None,[0.0001],None
train,24,218220,0.521075,None,[0.0001],None
train,24,218442,0.538193,None,[0.0001],None
train,24,218664,0.55925,None,[0.0001],None
train,24,218886,0.58993,None,[0.0001],None
train,24,219108,0.526222,None,[0.0001],None
train,24,219330,0.644234,None,[0.0001],None
train,24,219552,0.573045,None,[0.0001],None
train,24,219774,0.70411,None,[0.0001],None
train,24,219996,0.671738,None,[0.0001],None
train,24,220218,0.555752,None,[0.0001],None
train,24,220440,0.565099,None,[0.0001],None
train,24,220662,0.617091,None,[0.0001],None
train,24,220884,0.656389,None,[0.0001],None
train,24,221106,0.640346,None,[0.0001],None
train,24,221328,0.574526,None,[0.0001],None
train,24,221550,0.646332,None,[0.0001],None
train,24,221772,0.526825,None,[0.0001],None
train,24,221994,0.656652,None,[0.0001],None
train,24,222216,0.680599,None,[0.0001],None
train,24,222438,0.58875,None,[0.0001],None
train,24,222660,0.596163,None,[0.0001],None
train,24,222882,0.612205,None,[0.0001],None
train,24,223104,0.676684,None,[0.0001],None
train,24,223326,0.561698,None,[0.0001],None
train,24,223548,0.533935,None,[0.0001],None
train,24,223770,0.688598,None,[0.0001],None
train,24,223992,0.593599,None,[0.0001],None
train,24,224214,0.600317,None,[0.0001],None
train,24,224436,0.524159,None,[0.0001],None
train,24,224658,0.632649,None,[0.0001],None
train,24,224658,0.632649,0.545299141,[0.0001],None
val,24,None,0.647282967,0.520025627,None,0.161653151
train,25,225000,0.538774,None,[0.0001],None
train,25,225222,0.606414,None,[0.0001],None
train,25,225444,0.713581,None,[0.0001],None
train,25,225666,0.654495,None,[0.0001],None
train,25,225888,0.618094,None,[0.0001],None
train,25,226110,0.56198,None,[0.0001],None
train,25,226332,0.546457,None,[0.0001],None
train,25,226554,0.616779,None,[0.0001],None
train,25,226776,0.512051,None,[0.0001],None
train,25,226998,0.534061,None,[0.0001],None
train,25,227220,0.528542,None,[0.0001],None
train,25,227442,0.654513,None,[0.0001],None
train,25,227664,0.538511,None,[0.0001],None
train,25,227886,0.532073,None,[0.0001],None
train,25,228108,0.514686,None,[0.0001],None
train,25,228330,0.567136,None,[0.0001],None
train,25,228552,0.510156,None,[0.0001],None
train,25,228774,0.590576,None,[0.0001],None
train,25,228996,0.628778,None,[0.0001],None
train,25,229218,0.630958,None,[0.0001],None
train,25,229440,0.516434,None,[0.0001],None
train,25,229662,0.59334,None,[0.0001],None
train,25,229884,0.55312,None,[0.0001],None
train,25,230106,0.565404,None,[0.0001],None
train,25,230328,0.593158,None,[0.0001],None
train,25,230550,0.491647,None,[0.0001],None
train,25,230772,0.501821,None,[0.0001],None
train,25,230994,0.627153,None,[0.0001],None
train,25,231216,0.564166,None,[0.0001],None
train,25,231438,0.523577,None,[0.0001],None
train,25,231660,0.489059,None,[0.0001],None
train,25,231882,0.602458,None,[0.0001],None
train,25,232104,0.551764,None,[0.0001],None
train,25,232326,0.639526,None,[0.0001],None
train,25,232548,0.588055,None,[0.0001],None
train,25,232770,0.581894,None,[0.0001],None
train,25,232992,0.557153,None,[0.0001],None
train,25,233214,0.568274,None,[0.0001],None
train,25,233436,0.617026,None,[0.0001],None
train,25,233658,0.542574,None,[0.0001],None
train,25,233658,0.542574,0.563848127,[0.0001],None
val,25,None,0.658922033,0.527826904,None,0.16456292
train,26,234000,0.573138,None,[0.0001],None
train,26,234222,0.61784,None,[0.0001],None
train,26,234444,0.560881,None,[0.0001],None
train,26,234666,0.52127,None,[0.0001],None
train,26,234888,0.575648,None,[0.0001],None
train,26,235110,0.559525,None,[0.0001],None
train,26,235332,0.610009,None,[0.0001],None
train,26,235554,0.568513,None,[0.0001],None
train,26,235776,0.562906,None,[0.0001],None
train,26,235998,0.559696,None,[0.0001],None
train,26,236220,0.512775,None,[0.0001],None
train,26,236442,0.604403,None,[0.0001],None
train,26,236664,0.611145,None,[0.0001],None
train,26,236886,0.607097,None,[0.0001],None
train,26,237108,0.630988,None,[0.0001],None
train,26,237330,0.592629,None,[0.0001],None
train,26,237552,0.50698,None,[0.0001],None
train,26,237774,0.545049,None,[0.0001],None
train,26,237996,0.503295,None,[0.0001],None
train,26,238218,0.569473,None,[0.0001],None
train,26,238440,0.660332,None,[0.0001],None
train,26,238662,0.578168,None,[0.0001],None
train,26,238884,0.524427,None,[0.0001],None
train,26,239106,0.534386,None,[0.0001],None
train,26,239328,0.5489,None,[0.0001],None
train,26,239550,0.469683,None,[0.0001],None
train,26,239772,0.530538,None,[0.0001],None
train,26,239994,0.516054,None,[0.0001],None
train,26,240216,0.588666,None,[0.0001],None
train,26,240438,0.585282,None,[0.0001],None
train,26,240660,0.66259,None,[0.0001],None
train,26,240882,0.603805,None,[0.0001],None
train,26,241104,0.522123,None,[0.0001],None
train,26,241326,0.51035,None,[0.0001],None
train,26,241548,0.515051,None,[0.0001],None
train,26,241770,0.657596,None,[0.0001],None
train,26,241992,0.575303,None,[0.0001],None
train,26,242214,0.575562,None,[0.0001],None
train,26,242436,0.609335,None,[0.0001],None
train,26,242658,0.582373,None,[0.0001],None
train,26,242658,0.582373,0.565906332,[0.0001],None
val,26,None,0.645067542,0.518956605,None,0.161099293
train,27,243000,0.507421,None,[0.0001],None
train,27,243222,0.516771,None,[0.0001],None
train,27,243444,0.646583,None,[0.0001],None
train,27,243666,0.550728,None,[0.0001],None
train,27,243888,0.642659,None,[0.0001],None
train,27,244110,0.553888,None,[0.0001],None
train,27,244332,0.53661,None,[0.0001],None
train,27,244554,0.657874,None,[0.0001],None
train,27,244776,0.526054,None,[0.0001],None
train,27,244998,0.570536,None,[0.0001],None
train,27,245220,0.490361,None,[0.0001],None
train,27,245442,0.542716,None,[0.0001],None
train,27,245664,0.485416,None,[0.0001],None
train,27,245886,0.604552,None,[0.0001],None
train,27,246108,0.486839,None,[0.0001],None
train,27,246330,0.539135,None,[0.0001],None
train,27,246552,0.613005,None,[0.0001],None
train,27,246774,0.503174,None,[0.0001],None
train,27,246996,0.604129,None,[0.0001],None
train,27,247218,0.53656,None,[0.0001],None
train,27,247440,0.551195,None,[0.0001],None
train,27,247662,0.625778,None,[0.0001],None
train,27,247884,0.561843,None,[0.0001],None
train,27,248106,0.463101,None,[0.0001],None
train,27,248328,0.554368,None,[0.0001],None
train,27,248550,0.579767,None,[0.0001],None
train,27,248772,0.570586,None,[0.0001],None
train,27,248994,0.58341,None,[0.0001],None
train,27,249216,0.564482,None,[0.0001],None
train,27,249438,0.712963,None,[0.0001],None
train,27,249660,0.550822,None,[0.0001],None
train,27,249882,0.590995,None,[0.0001],None
train,27,250104,0.589994,None,[0.0001],None
train,27,250326,0.6015,None,[0.0001],None
train,27,250548,0.523901,None,[0.0001],None
train,27,250770,0.474524,None,[0.0001],None
train,27,250992,0.521115,None,[0.0001],None
train,27,251214,0.59165,None,[0.0001],None
train,27,251436,0.519403,None,[0.0001],None
train,27,251658,0.607177,None,[0.0001],None
train,27,251658,0.607177,0.580441127,[0.0001],None
val,27,None,0.653592285,0.527236634,None,0.163230484
train,28,252000,0.524727,None,[0.0001],None
train,28,252222,0.541072,None,[0.0001],None
train,28,252444,0.536465,None,[0.0001],None
train,28,252666,0.478357,None,[0.0001],None
train,28,252888,0.499393,None,[0.0001],None
train,28,253110,0.562496,None,[0.0001],None
train,28,253332,0.624058,None,[0.0001],None
train,28,253554,0.654179,None,[0.0001],None
train,28,253776,0.531198,None,[0.0001],None
train,28,253998,0.542265,None,[0.0001],None
train,28,254220,0.636464,None,[0.0001],None
train,28,254442,0.60805,None,[0.0001],None
train,28,254664,0.63567,None,[0.0001],None
train,28,254886,0.574683,None,[0.0001],None
train,28,255108,0.60324,None,[0.0001],None
train,28,255330,0.511781,None,[0.0001],None
train,28,255552,0.575116,None,[0.0001],None
train,28,255774,0.451114,None,[0.0001],None
train,28,255996,0.567248,None,[0.0001],None
train,28,256218,0.499726,None,[0.0001],None
train,28,256440,0.585117,None,[0.0001],None
train,28,256662,0.611262,None,[0.0001],None
train,28,256884,0.582844,None,[0.0001],None
train,28,257106,0.632874,None,[0.0001],None
train,28,257328,0.570174,None,[0.0001],None
train,28,257550,0.569246,None,[0.0001],None
train,28,257772,0.590441,None,[0.0001],None
train,28,257994,0.536301,None,[0.0001],None
train,28,258216,0.484324,None,[0.0001],None
train,28,258438,0.54167,None,[0.0001],None
train,28,258660,0.635815,None,[0.0001],None
train,28,258882,0.537856,None,[0.0001],None
train,28,259104,0.607901,None,[0.0001],None
train,28,259326,0.645912,None,[0.0001],None
train,28,259548,0.605351,None,[0.0001],None
train,28,259770,0.555308,None,[0.0001],None
train,28,259992,0.537087,None,[0.0001],None
train,28,260214,0.53771,None,[0.0001],None
train,28,260436,0.532583,None,[0.0001],None
train,28,260658,0.590393,None,[0.0001],None
train,28,260658,0.590393,0.565106447,[0.0001],None
val,28,None,0.667324216,0.529259267,None,0.166663472
train,29,261000,0.572834,None,[0.0001],None
train,29,261222,0.591759,None,[0.0001],None
train,29,261444,0.510919,None,[0.0001],None
train,29,261666,0.622431,None,[0.0001],None
train,29,261888,0.478886,None,[0.0001],None
train,29,262110,0.396521,None,[0.0001],None
train,29,262332,0.574533,None,[0.0001],None
train,29,262554,0.629076,None,[0.0001],None
train,29,262776,0.662783,None,[0.0001],None
train,29,262998,0.514951,None,[0.0001],None
train,29,263220,0.484524,None,[0.0001],None
train,29,263442,0.53881,None,[0.0001],None
train,29,263664,0.625221,None,[0.0001],None
train,29,263886,0.614118,None,[0.0001],None
train,29,264108,0.679135,None,[0.0001],None
train,29,264330,0.616984,None,[0.0001],None
train,29,264552,0.562523,None,[0.0001],None
train,29,264774,0.50974,None,[0.0001],None
train,29,264996,0.531631,None,[0.0001],None
train,29,265218,0.496606,None,[0.0001],None
train,29,265440,0.512777,None,[0.0001],None
train,29,265662,0.595095,None,[0.0001],None
train,29,265884,0.565894,None,[0.0001],None
train,29,266106,0.499929,None,[0.0001],None
train,29,266328,0.483768,None,[0.0001],None
train,29,266550,0.56163,None,[0.0001],None
train,29,266772,0.663246,None,[0.0001],None
train,29,266994,0.492824,None,[0.0001],None
train,29,267216,0.573007,None,[0.0001],None
train,29,267438,0.494187,None,[0.0001],None
train,29,267660,0.479102,None,[0.0001],None
train,29,267882,0.606203,None,[0.0001],None
train,29,268104,0.521679,None,[0.0001],None
train,29,268326,0.601588,None,[0.0001],None
train,29,268548,0.659415,None,[0.0001],None
train,29,268770,0.532962,None,[0.0001],None
train,29,268992,0.627546,None,[0.0001],None
train,29,269214,0.665496,None,[0.0001],None
train,29,269436,0.601885,None,[0.0001],None
train,29,269658,0.743062,None,[0.0001],None
train,29,269658,0.743062,0.550370305,[0.0001],None
val,29,None,0.634712522,0.523070751,None,0.158510558
train,30,270000,0.547914,None,[0.0001],None
train,30,270222,0.590379,None,[0.0001],None
train,30,270444,0.596931,None,[0.0001],None
train,30,270666,0.623214,None,[0.0001],None
train,30,270888,0.527392,None,[0.0001],None
train,30,271110,0.560255,None,[0.0001],None
train,30,271332,0.571355,None,[0.0001],None
train,30,271554,0.547991,None,[0.0001],None
train,30,271776,0.52823,None,[0.0001],None
train,30,271998,0.621015,None,[0.0001],None
train,30,272220,0.640988,None,[0.0001],None
train,30,272442,0.515955,None,[0.0001],None
train,30,272664,0.60432,None,[0.0001],None
train,30,272886,0.570879,None,[0.0001],None
train,30,273108,0.643803,None,[0.0001],None
train,30,273330,0.498754,None,[0.0001],None
train,30,273552,0.550962,None,[0.0001],None
train,30,273774,0.546402,None,[0.0001],None
train,30,273996,0.59532,None,[0.0001],None
train,30,274218,0.4983,None,[0.0001],None
train,30,274440,0.553271,None,[0.0001],None
train,30,274662,0.543132,None,[0.0001],None
train,30,274884,0.544432,None,[0.0001],None
train,30,275106,0.566805,None,[0.0001],None
train,30,275328,0.632548,None,[0.0001],None
train,30,275550,0.608408,None,[0.0001],None
train,30,275772,0.601894,None,[0.0001],None
train,30,275994,0.652267,None,[0.0001],None
train,30,276216,0.517928,None,[0.0001],None
train,30,276438,0.509111,None,[0.0001],None
train,30,276660,0.608994,None,[0.0001],None
train,30,276882,0.610556,None,[0.0001],None
train,30,277104,0.527802,None,[0.0001],None
train,30,277326,0.591661,None,[0.0001],None
train,30,277548,0.585822,None,[0.0001],None
train,30,277770,0.531143,None,[0.0001],None
train,30,277992,0.520407,None,[0.0001],None
train,30,278214,0.587811,None,[0.0001],None
train,30,278436,0.562822,None,[0.0001],None
train,30,278658,0.614555,None,[0.0001],None
train,30,278658,0.614555,0.561399323,[0.0001],None
val,30,None,0.669145205,0.51612916,None,0.167118708
train,31,279000,0.532441,None,[0.0001],None
train,31,279222,0.551398,None,[0.0001],None
train,31,279444,0.556471,None,[0.0001],None
train,31,279666,0.500994,None,[0.0001],None
train,31,279888,0.500247,None,[0.0001],None
train,31,280110,0.490699,None,[0.0001],None
train,31,280332,0.504682,None,[0.0001],None
train,31,280554,0.569046,None,[0.0001],None
train,31,280776,0.53146,None,[0.0001],None
train,31,280998,0.544919,None,[0.0001],None
train,31,281220,0.56759,None,[0.0001],None
train,31,281442,0.515792,None,[0.0001],None
train,31,281664,0.541674,None,[0.0001],None
train,31,281886,0.454669,None,[0.0001],None
train,31,282108,0.505149,None,[0.0001],None
train,31,282330,0.461103,None,[0.0001],None
train,31,282552,0.510958,None,[0.0001],None
train,31,282774,0.504629,None,[0.0001],None
train,31,282996,0.56677,None,[0.0001],None
train,31,283218,0.587698,None,[0.0001],None
train,31,283440,0.571988,None,[0.0001],None
train,31,283662,0.521138,None,[0.0001],None
train,31,283884,0.561212,None,[0.0001],None
train,31,284106,0.625915,None,[0.0001],None
train,31,284328,0.49658,None,[0.0001],None
train,31,284550,0.631892,None,[0.0001],None
train,31,284772,0.545626,None,[0.0001],None
train,31,284994,0.559784,None,[0.0001],None
train,31,285216,0.546544,None,[0.0001],None
train,31,285438,0.56215,None,[0.0001],None
train,31,285660,0.595099,None,[0.0001],None
train,31,285882,0.621029,None,[0.0001],None
train,31,286104,0.64555,None,[0.0001],None
train,31,286326,0.555887,None,[0.0001],None
train,31,286548,0.513588,None,[0.0001],None
train,31,286770,0.568091,None,[0.0001],None
train,31,286992,0.54829,None,[0.0001],None
train,31,287214,0.653052,None,[0.0001],None
train,31,287436,0.561861,None,[0.0001],None
train,31,287658,0.5324,None,[0.0001],None
train,31,287658,0.5324,0.584114287,[0.0001],None
val,31,None,0.65450242,0.525720516,None,0.163458027
train,32,288000,0.513286,None,[0.0001],None
train,32,288222,0.502915,None,[0.0001],None
train,32,288444,0.584468,None,[0.0001],None
train,32,288666,0.558391,None,[0.0001],None
train,32,288888,0.588643,None,[0.0001],None
train,32,289110,0.602801,None,[0.0001],None
train,32,289332,0.447639,None,[0.0001],None
train,32,289554,0.672245,None,[0.0001],None
train,32,289776,0.553503,None,[0.0001],None
train,32,289998,0.619027,None,[0.0001],None
train,32,290220,0.548711,None,[0.0001],None
train,32,290442,0.603695,None,[0.0001],None
train,32,290664,0.574422,None,[0.0001],None
train,32,290886,0.55736,None,[0.0001],None
train,32,291108,0.53879,None,[0.0001],None
train,32,291330,0.607911,None,[0.0001],None
train,32,291552,0.617816,None,[0.0001],None
train,32,291774,0.572354,None,[0.0001],None
train,32,291996,0.54529,None,[0.0001],None
train,32,292218,0.595955,None,[0.0001],None
train,32,292440,0.427487,None,[0.0001],None
train,32,292662,0.572948,None,[0.0001],None
train,32,292884,0.499475,None,[0.0001],None
train,32,293106,0.66191,None,[0.0001],None
train,32,293328,0.573246,None,[0.0001],None
train,32,293550,0.619763,None,[0.0001],None
train,32,293772,0.5511,None,[0.0001],None
train,32,293994,0.492211,None,[0.0001],None
train,32,294216,0.497176,None,[0.0001],None
train,32,294438,0.55014,None,[0.0001],None
train,32,294660,0.555665,None,[0.0001],None
train,32,294882,0.570064,None,[0.0001],None
train,32,295104,0.623264,None,[0.0001],None
train,32,295326,0.598749,None,[0.0001],None
train,32,295548,0.490546,None,[0.0001],None
train,32,295770,0.564697,None,[0.0001],None
train,32,295992,0.57768,None,[0.0001],None
train,32,296214,0.484691,None,[0.0001],None
train,32,296436,0.510775,None,[0.0001],None
train,32,296658,0.559075,None,[0.0001],None
train,32,296658,0.559075,0.57808441,[0.0001],None
val,32,None,0.668834131,0.526720994,None,0.167040943
train,33,297000,0.566429,None,[0.0001],None
train,33,297222,0.444271,None,[0.0001],None
train,33,297444,0.530206,None,[0.0001],None
train,33,297666,0.473651,None,[0.0001],None
train,33,297888,0.607428,None,[0.0001],None
train,33,298110,0.508908,None,[0.0001],None
train,33,298332,0.614048,None,[0.0001],None
train,33,298554,0.511929,None,[0.0001],None
train,33,298776,0.584534,None,[0.0001],None
train,33,298998,0.526935,None,[0.0001],None
train,33,299220,0.549217,None,[0.0001],None
train,33,299442,0.52325,None,[0.0001],None
train,33,299664,0.547596,None,[0.0001],None
train,33,299886,0.614628,None,[0.0001],None
train,33,300108,0.501597,None,[0.0001],None
train,33,300330,0.62422,None,[0.0001],None
train,33,300552,0.584141,None,[0.0001],None
train,33,300774,0.558689,None,[0.0001],None
train,33,300996,0.602378,None,[0.0001],None
train,33,301218,0.524309,None,[0.0001],None
train,33,301440,0.52926,None,[0.0001],None
train,33,301662,0.394547,None,[0.0001],None
train,33,301884,0.46395,None,[0.0001],None
train,33,302106,0.491001,None,[0.0001],None
train,33,302328,0.488279,None,[0.0001],None
train,33,302550,0.642165,None,[0.0001],None
train,33,302772,0.506568,None,[0.0001],None
train,33,302994,0.553255,None,[0.0001],None
train,33,303216,0.641975,None,[0.0001],None
train,33,303438,0.575872,None,[0.0001],None
train,33,303660,0.564469,None,[0.0001],None
train,33,303882,0.59311,None,[0.0001],None
train,33,304104,0.516757,None,[0.0001],None
train,33,304326,0.594396,None,[0.0001],None
train,33,304548,0.56406,None,[0.0001],None
train,33,304770,0.512887,None,[0.0001],None
train,33,304992,0.603762,None,[0.0001],None
train,33,305214,0.474989,None,[0.0001],None
train,33,305436,0.521736,None,[0.0001],None
train,33,305658,0.489073,None,[0.0001],None
train,33,305658,0.489073,0.578113591,[0.0001],None
val,33,None,0.630773343,0.533257691,None,0.157525729
train,34,306000,0.5447,None,[0.0001],None
train,34,306222,0.619009,None,[0.0001],None
train,34,306444,0.678464,None,[0.0001],None
train,34,306666,0.728983,None,[0.0001],None
train,34,306888,0.522547,None,[0.0001],None
train,34,307110,0.497162,None,[0.0001],None
train,34,307332,0.549006,None,[0.0001],None
train,34,307554,0.525901,None,[0.0001],None
train,34,307776,0.570827,None,[0.0001],None
train,34,307998,0.623132,None,[0.0001],None
train,34,308220,0.671277,None,[0.0001],None
train,34,308442,0.501647,None,[0.0001],None
train,34,308664,0.526388,None,[0.0001],None
train,34,308886,0.454155,None,[0.0001],None
train,34,309108,0.603361,None,[0.0001],None
train,34,309330,0.575265,None,[0.0001],None
train,34,309552,0.449796,None,[0.0001],None
train,34,309774,0.535298,None,[0.0001],None
train,34,309996,0.388344,None,[0.0001],None
train,34,310218,0.557639,None,[0.0001],None
train,34,310440,0.47836,None,[0.0001],None
train,34,310662,0.500798,None,[0.0001],None
train,34,310884,0.501693,None,[0.0001],None
train,34,311106,0.551562,None,[0.0001],None
train,34,311328,0.475426,None,[0.0001],None
train,34,311550,0.472975,None,[0.0001],None
train,34,311772,0.627616,None,[0.0001],None
train,34,311994,0.586816,None,[0.0001],None
train,34,312216,0.528287,None,[0.0001],None
train,34,312438,0.522317,None,[0.0001],None
train,34,312660,0.473035,None,[0.0001],None
train,34,312882,0.539645,None,[0.0001],None
train,34,313104,0.547674,None,[0.0001],None
train,34,313326,0.474359,None,[0.0001],None
train,34,313548,0.534292,None,[0.0001],None
train,34,313770,0.585576,None,[0.0001],None
train,34,313992,0.534068,None,[0.0001],None
train,34,314214,0.575902,None,[0.0001],None
train,34,314436,0.575112,None,[0.0001],None
train,34,314658,0.583094,None,[0.0001],None
train,34,314658,0.583094,0.599962406,[0.0001],None
val,34,None,0.666250956,0.537074374,None,0.166395144
train,35,315000,0.500405,None,[0.0001],None
train,35,315222,0.62053,None,[0.0001],None
train,35,315444,0.510978,None,[0.0001],None
train,35,315666,0.556608,None,[0.0001],None
train,35,315888,0.47982,None,[0.0001],None
train,35,316110,0.565141,None,[0.0001],None
train,35,316332,0.57714,None,[0.0001],None
train,35,316554,0.49369,None,[0.0001],None
train,35,316776,0.539092,None,[0.0001],None
train,35,316998,0.599299,None,[0.0001],None
train,35,317220,0.64614,None,[0.0001],None
train,35,317442,0.522063,None,[0.0001],None
train,35,317664,0.486318,None,[0.0001],None
train,35,317886,0.503723,None,[0.0001],None
train,35,318108,0.549316,None,[0.0001],None
train,35,318330,0.513871,None,[0.0001],None
train,35,318552,0.552395,None,[0.0001],None
train,35,318774,0.500715,None,[0.0001],None
train,35,318996,0.541673,None,[0.0001],None
train,35,319218,0.518166,None,[0.0001],None
train,35,319440,0.456982,None,[0.0001],None
train,35,319662,0.512569,None,[0.0001],None
train,35,319884,0.553614,None,[0.0001],None
train,35,320106,0.524723,None,[0.0001],None
train,35,320328,0.477832,None,[0.0001],None
train,35,320550,0.540826,None,[0.0001],None
train,35,320772,0.573114,None,[0.0001],None
train,35,320994,0.632378,None,[0.0001],None
train,35,321216,0.613626,None,[0.0001],None
train,35,321438,0.61539,None,[0.0001],None
train,35,321660,0.486165,None,[0.0001],None
train,35,321882,0.528476,None,[0.0001],None
train,35,322104,0.560739,None,[0.0001],None
train,35,322326,0.515737,None,[0.0001],None
train,35,322548,0.453688,None,[0.0001],None
train,35,322770,0.604026,None,[0.0001],None
train,35,322992,0.527469,None,[0.0001],None
train,35,323214,0.613763,None,[0.0001],None
train,35,323436,0.550885,None,[0.0001],None
train,35,323658,0.578642,None,[0.0001],None
train,35,323658,0.578642,0.584952608,[0.0001],None
val,35,None,0.63116575,0.535484422,None,0.157623834
train,36,324000,0.482039,None,[0.0001],None
train,36,324222,0.496606,None,[0.0001],None
train,36,324444,0.480056,None,[0.0001],None
train,36,324666,0.491355,None,[0.0001],None
train,36,324888,0.628824,None,[0.0001],None
train,36,325110,0.499018,None,[0.0001],None
train,36,325332,0.491285,None,[0.0001],None
train,36,325554,0.555249,None,[0.0001],None
train,36,325776,0.518434,None,[0.0001],None
train,36,325998,0.456558,None,[0.0001],None
train,36,326220,0.534091,None,[0.0001],None
train,36,326442,0.606616,None,[0.0001],None
train,36,326664,0.458096,None,[0.0001],None
train,36,326886,0.499862,None,[0.0001],None
train,36,327108,0.565982,None,[0.0001],None
train,36,327330,0.614651,None,[0.0001],None
train,36,327552,0.557255,None,[0.0001],None
train,36,327774,0.606131,None,[0.0001],None
train,36,327996,0.519424,None,[0.0001],None
train,36,328218,0.568959,None,[0.0001],None
train,36,328440,0.456149,None,[0.0001],None
train,36,328662,0.63948,None,[0.0001],None
train,36,328884,0.465221,None,[0.0001],None
train,36,329106,0.518544,None,[0.0001],None
train,36,329328,0.493317,None,[0.0001],None
train,36,329550,0.526108,None,[0.0001],None
train,36,329772,0.465811,None,[0.0001],None
train,36,329994,0.461798,None,[0.0001],None
train,36,330216,0.528076,None,[0.0001],None
train,36,330438,0.509716,None,[0.0001],None
train,36,330660,0.518966,None,[0.0001],None
train,36,330882,0.584679,None,[0.0001],None
train,36,331104,0.561014,None,[0.0001],None
train,36,331326,0.585987,None,[0.0001],None
train,36,331548,0.570472,None,[0.0001],None
train,36,331770,0.509055,None,[0.0001],None
train,36,331992,0.55943,None,[0.0001],None
train,36,332214,0.48859,None,[0.0001],None
train,36,332436,0.570105,None,[0.0001],None
train,36,332658,0.42791,None,[0.0001],None
train,36,332658,0.42791,0.583733681,[0.0001],None
val,36,None,0.623375505,0.536443392,None,0.155676275
train,37,333000,0.569857,None,[0.0001],None
train,37,333222,0.448387,None,[0.0001],None
train,37,333444,0.579666,None,[0.0001],None
train,37,333666,0.496325,None,[0.0001],None
train,37,333888,0.511105,None,[0.0001],None
train,37,334110,0.464324,None,[0.0001],None
train,37,334332,0.466517,None,[0.0001],None
train,37,334554,0.465304,None,[0.0001],None
train,37,334776,0.608274,None,[0.0001],None
train,37,334998,0.524818,None,[0.0001],None
train,37,335220,0.473482,None,[0.0001],None
train,37,335442,0.472722,None,[0.0001],None
train,37,335664,0.489274,None,[0.0001],None
train,37,335886,0.513092,None,[0.0001],None
train,37,336108,0.535877,None,[0.0001],None
train,37,336330,0.442563,None,[0.0001],None
train,37,336552,0.468791,None,[0.0001],None
train,37,336774,0.546217,None,[0.0001],None
train,37,336996,0.438062,None,[0.0001],None
train,37,337218,0.535706,None,[0.0001],None
train,37,337440,0.541099,None,[0.0001],None
train,37,337662,0.634145,None,[0.0001],None
train,37,337884,0.571318,None,[0.0001],None
train,37,338106,0.59162,None,[0.0001],None
train,37,338328,0.522668,None,[0.0001],None
train,37,338550,0.412958,None,[0.0001],None
train,37,338772,0.498805,None,[0.0001],None
train,37,338994,0.562698,None,[0.0001],None
train,37,339216,0.555277,None,[0.0001],None
train,37,339438,0.611721,None,[0.0001],None
train,37,339660,0.583392,None,[0.0001],None
train,37,339882,0.528835,None,[0.0001],None
train,37,340104,0.558765,None,[0.0001],None
train,37,340326,0.566427,None,[0.0001],None
train,37,340548,0.527051,None,[0.0001],None
train,37,340770,0.628552,None,[0.0001],None
train,37,340992,0.593425,None,[0.0001],None
train,37,341214,0.5348,None,[0.0001],None
train,37,341436,0.556261,None,[0.0001],None
train,37,341658,0.517471,None,[0.0001],None
train,37,341658,0.517471,0.589534577,[0.0001],None
val,37,None,0.633677632,0.533583421,None,0.158251815
train,38,342000,0.463385,None,[0.0001],None
train,38,342222,0.47087,None,[0.0001],None
train,38,342444,0.439727,None,[0.0001],None
train,38,342666,0.537112,None,[0.0001],None
train,38,342888,0.619402,None,[0.0001],None
train,38,343110,0.489543,None,[0.0001],None
train,38,343332,0.496534,None,[0.0001],None
train,38,343554,0.504764,None,[0.0001],None
train,38,343776,0.477561,None,[0.0001],None
train,38,343998,0.468349,None,[0.0001],None
train,38,344220,0.472398,None,[0.0001],None
train,38,344442,0.490122,None,[0.0001],None
train,38,344664,0.558936,None,[0.0001],None
train,38,344886,0.461643,None,[0.0001],None
train,38,345108,0.545393,None,[0.0001],None
train,38,345330,0.561869,None,[0.0001],None
train,38,345552,0.59603,None,[0.0001],None
train,38,345774,0.509688,None,[0.0001],None
train,38,345996,0.530718,None,[0.0001],None
train,38,346218,0.562833,None,[0.0001],None
train,38,346440,0.461868,None,[0.0001],None
train,38,346662,0.60711,None,[0.0001],None
train,38,346884,0.533158,None,[0.0001],None
train,38,347106,0.508197,None,[0.0001],None
train,38,347328,0.504566,None,[0.0001],None
train,38,347550,0.572092,None,[0.0001],None
train,38,347772,0.487441,None,[0.0001],None
train,38,347994,0.49018,None,[0.0001],None
train,38,348216,0.480384,None,[0.0001],None
train,38,348438,0.459615,None,[0.0001],None
train,38,348660,0.452222,None,[0.0001],None
train,38,348882,0.550689,None,[0.0001],None
train,38,349104,0.60147,None,[0.0001],None
train,38,349326,0.424222,None,[0.0001],None
train,38,349548,0.550009,None,[0.0001],None
train,38,349770,0.503884,None,[0.0001],None
train,38,349992,0.599596,None,[0.0001],None
train,38,350214,0.49126,None,[0.0001],None
train,38,350436,0.475167,None,[0.0001],None
train,38,350658,0.46326,None,[0.0001],None
train,38,350658,0.46326,0.586662562,[0.0001],None
val,38,None,0.662132948,0.528766729,None,0.165365638
train,39,351000,0.509,None,[0.0001],None
train,39,351222,0.464514,None,[0.0001],None
train,39,351444,0.488263,None,[0.0001],None
train,39,351666,0.484453,None,[0.0001],None
train,39,351888,0.544057,None,[0.0001],None
train,39,352110,0.440331,None,[0.0001],None
train,39,352332,0.553426,None,[0.0001],None
train,39,352554,0.588247,None,[0.0001],None
train,39,352776,0.566163,None,[0.0001],None
train,39,352998,0.557256,None,[0.0001],None
train,39,353220,0.562603,None,[0.0001],None
train,39,353442,0.509137,None,[0.0001],None
train,39,353664,0.452972,None,[0.0001],None
train,39,353886,0.515316,None,[0.0001],None
train,39,354108,0.465438,None,[0.0001],None
train,39,354330,0.554815,None,[0.0001],None
train,39,354552,0.629811,None,[0.0001],None
train,39,354774,0.386001,None,[0.0001],None
train,39,354996,0.516033,None,[0.0001],None
train,39,355218,0.464947,None,[0.0001],None
train,39,355440,0.470626,None,[0.0001],None
train,39,355662,0.458834,None,[0.0001],None
train,39,355884,0.496066,None,[0.0001],None
train,39,356106,0.545733,None,[0.0001],None
train,39,356328,0.574055,None,[0.0001],None
train,39,356550,0.563898,None,[0.0001],None
train,39,356772,0.511637,None,[0.0001],None
train,39,356994,0.430818,None,[0.0001],None
train,39,357216,0.585382,None,[0.0001],None
train,39,357438,0.576287,None,[0.0001],None
train,39,357660,0.586995,None,[0.0001],None
train,39,357882,0.450881,None,[0.0001],None
train,39,358104,0.532345,None,[0.0001],None
train,39,358326,0.456303,None,[0.0001],None
train,39,358548,0.501765,None,[0.0001],None
train,39,358770,0.501351,None,[0.0001],None
train,39,358992,0.572282,None,[0.0001],None
train,39,359214,0.518313,None,[0.0001],None
train,39,359436,0.563363,None,[0.0001],None
train,39,359658,0.526949,None,[0.0001],None
train,39,359658,0.526949,0.600176998,[0.0001],None
val,39,None,0.655602969,0.537057653,None,0.163733141
train,40,360000,0.480001,None,[0.0001],None
train,40,360222,0.468331,None,[0.0001],None
train,40,360444,0.474063,None,[0.0001],None
train,40,360666,0.522887,None,[0.0001],None
train,40,360888,0.49536,None,[0.0001],None
train,40,361110,0.55045,None,[0.0001],None
train,40,361332,0.428223,None,[0.0001],None
train,40,361554,0.415571,None,[0.0001],None
train,40,361776,0.372712,None,[0.0001],None
train,40,361998,0.478289,None,[0.0001],None
train,40,362220,0.569716,None,[0.0001],None
train,40,362442,0.502827,None,[0.0001],None
train,40,362664,0.54801,None,[0.0001],None
train,40,362886,0.449843,None,[0.0001],None
train,40,363108,0.624074,None,[0.0001],None
train,40,363330,0.56535,None,[0.0001],None
train,40,363552,0.436419,None,[0.0001],None
train,40,363774,0.430024,None,[0.0001],None
train,40,363996,0.519888,None,[0.0001],None
train,40,364218,0.52416,None,[0.0001],None
train,40,364440,0.540058,None,[0.0001],None
train,40,364662,0.582096,None,[0.0001],None
train,40,364884,0.496839,None,[0.0001],None
train,40,365106,0.499518,None,[0.0001],None
train,40,365328,0.5318,None,[0.0001],None
train,40,365550,0.48268,None,[0.0001],None
train,40,365772,0.592181,None,[0.0001],None
train,40,365994,0.641461,None,[0.0001],None
train,40,366216,0.539846,None,[0.0001],None
train,40,366438,0.616979,None,[0.0001],None
train,40,366660,0.495585,None,[0.0001],None
train,40,366882,0.519888,None,[0.0001],None
train,40,367104,0.521815,None,[0.0001],None
train,40,367326,0.492696,None,[0.0001],None
train,40,367548,0.538714,None,[0.0001],None
train,40,367770,0.509482,None,[0.0001],None
train,40,367992,0.556279,None,[0.0001],None
train,40,368214,0.446849,None,[0.0001],None
train,40,368436,0.546173,None,[0.0001],None
train,40,368658,0.529625,None,[0.0001],None
train,40,368658,0.529625,0.600003038,[0.0001],None
val,40,None,0.6516735,0.536971004,None,0.162750774
train,41,369000,0.555456,None,[0.0001],None
train,41,369222,0.505912,None,[0.0001],None
train,41,369444,0.548937,None,[0.0001],None
train,41,369666,0.451726,None,[0.0001],None
train,41,369888,0.502014,None,[0.0001],None
train,41,370110,0.520194,None,[0.0001],None
train,41,370332,0.465702,None,[0.0001],None
train,41,370554,0.477333,None,[0.0001],None
train,41,370776,0.592187,None,[0.0001],None
train,41,370998,0.500398,None,[0.0001],None
train,41,371220,0.423992,None,[0.0001],None
train,41,371442,0.437738,None,[0.0001],None
train,41,371664,0.562409,None,[0.0001],None
train,41,371886,0.566356,None,[0.0001],None
train,41,372108,0.504079,None,[0.0001],None
train,41,372330,0.509137,None,[0.0001],None
train,41,372552,0.497124,None,[0.0001],None
train,41,372774,0.490063,None,[0.0001],None
train,41,372996,0.510129,None,[0.0001],None
train,41,373218,0.509869,None,[0.0001],None
train,41,373440,0.562212,None,[0.0001],None
train,41,373662,0.621166,None,[0.0001],None
train,41,373884,0.491833,None,[0.0001],None
train,41,374106,0.48179,None,[0.0001],None
train,41,374328,0.437611,None,[0.0001],None
train,41,374550,0.526671,None,[0.0001],None
train,41,374772,0.564149,None,[0.0001],None
train,41,374994,0.457539,None,[0.0001],None
train,41,375216,0.418839,None,[0.0001],None
train,41,375438,0.608745,None,[0.0001],None
train,41,375660,0.423627,None,[0.0001],None
train,41,375882,0.553576,None,[0.0001],None
train,41,376104,0.551564,None,[0.0001],None
train,41,376326,0.463206,None,[0.0001],None
train,41,376548,0.416949,None,[0.0001],None
train,41,376770,0.501639,None,[0.0001],None
train,41,376992,0.512508,None,[0.0001],None
train,41,377214,0.46735,None,[0.0001],None
train,41,377436,0.488767,None,[0.0001],None
train,41,377658,0.451054,None,[0.0001],None
train,41,377658,0.451054,0.598753866,[0.0001],None
val,41,None,0.712191729,0.53979865,None,0.177880329
train,42,378000,0.51622,None,[0.0001],None
train,42,378222,0.543618,None,[0.0001],None
train,42,378444,0.449381,None,[0.0001],None
train,42,378666,0.486552,None,[0.0001],None
train,42,378888,0.574658,None,[0.0001],None
train,42,379110,0.491959,None,[0.0001],None
train,42,379332,0.546791,None,[0.0001],None
train,42,379554,0.544739,None,[0.0001],None
train,42,379776,0.564841,None,[0.0001],None
train,42,379998,0.675891,None,[0.0001],None
train,42,380220,0.498437,None,[0.0001],None
train,42,380442,0.413566,None,[0.0001],None
train,42,380664,0.549492,None,[0.0001],None
train,42,380886,0.531752,None,[0.0001],None
train,42,381108,0.690607,None,[0.0001],None
train,42,381330,0.466423,None,[0.0001],None
train,42,381552,0.565339,None,[0.0001],None
train,42,381774,0.497297,None,[0.0001],None
train,42,381996,0.580352,None,[0.0001],None
train,42,382218,0.55805,None,[0.0001],None
train,42,382440,0.433679,None,[0.0001],None
train,42,382662,0.492302,None,[0.0001],None
train,42,382884,0.482954,None,[0.0001],None
train,42,383106,0.568473,None,[0.0001],None
train,42,383328,0.581303,None,[0.0001],None
train,42,383550,0.488875,None,[0.0001],None
train,42,383772,0.658899,None,[0.0001],None
train,42,383994,0.537343,None,[0.0001],None
train,42,384216,0.501011,None,[0.0001],None
train,42,384438,0.528643,None,[0.0001],None
train,42,384660,0.514486,None,[0.0001],None
train,42,384882,0.466363,None,[0.0001],None
train,42,385104,0.61598,None,[0.0001],None
train,42,385326,0.422986,None,[0.0001],None
train,42,385548,0.512304,None,[0.0001],None
train,42,385770,0.552871,None,[0.0001],None
train,42,385992,0.523254,None,[0.0001],None
train,42,386214,0.520602,None,[0.0001],None
train,42,386436,0.473144,None,[0.0001],None
train,42,386658,0.516601,None,[0.0001],None
train,42,386658,0.516601,0.583660243,[0.0001],None
val,42,None,0.762444073,0.531361636,None,0.190443404
train,43,387000,0.475057,None,[0.0001],None
train,43,387222,0.474746,None,[0.0001],None
train,43,387444,0.52695,None,[0.0001],None
train,43,387666,0.47047,None,[0.0001],None
train,43,387888,0.516248,None,[0.0001],None
train,43,388110,0.579251,None,[0.0001],None
train,43,388332,0.481171,None,[0.0001],None
train,43,388554,0.483245,None,[0.0001],None
train,43,388776,0.516542,None,[0.0001],None
train,43,388998,0.592383,None,[0.0001],None
train,43,389220,0.543896,None,[0.0001],None
train,43,389442,0.469291,None,[0.0001],None
train,43,389664,0.44253,None,[0.0001],None
train,43,389886,0.534122,None,[0.0001],None
train,43,390108,0.468716,None,[0.0001],None
train,43,390330,0.508334,None,[0.0001],None
train,43,390552,0.423058,None,[0.0001],None
train,43,390774,0.456198,None,[0.0001],None
train,43,390996,0.476104,None,[0.0001],None
train,43,391218,0.519744,None,[0.0001],None
train,43,391440,0.478694,None,[0.0001],None
train,43,391662,0.471769,None,[0.0001],None
train,43,391884,0.475948,None,[0.0001],None
train,43,392106,0.451582,None,[0.0001],None
train,43,392328,0.517033,None,[0.0001],None
train,43,392550,0.444035,None,[0.0001],None
train,43,392772,0.509383,None,[0.0001],None
train,43,392994,0.563446,None,[0.0001],None
train,43,393216,0.515403,None,[0.0001],None
train,43,393438,0.470651,None,[0.0001],None
train,43,393660,0.518808,None,[0.0001],None
train,43,393882,0.49977,None,[0.0001],None
train,43,394104,0.439528,None,[0.0001],None
train,43,394326,0.576025,None,[0.0001],None
train,43,394548,0.566312,None,[0.0001],None
train,43,394770,0.534297,None,[0.0001],None
train,43,394992,0.424084,None,[0.0001],None
train,43,395214,0.531272,None,[0.0001],None
train,43,395436,0.533165,None,[0.0001],None
train,43,395658,0.550644,None,[0.0001],None
train,43,395658,0.550644,0.618745055,[0.0001],None
val,43,None,0.653262025,0.540838584,None,0.163147899
train,44,396000,0.457923,None,[0.0001],None
train,44,396222,0.578812,None,[0.0001],None
train,44,396444,0.506049,None,[0.0001],None
train,44,396666,0.514975,None,[0.0001],None
train,44,396888,0.564221,None,[0.0001],None
train,44,397110,0.462382,None,[0.0001],None
train,44,397332,0.500713,None,[0.0001],None
train,44,397554,0.446073,None,[0.0001],None
train,44,397776,0.632634,None,[0.0001],None
train,44,397998,0.459559,None,[0.0001],None
train,44,398220,0.535296,None,[0.0001],None
train,44,398442,0.578898,None,[0.0001],None
train,44,398664,0.581615,None,[0.0001],None
train,44,398886,0.442854,None,[0.0001],None
train,44,399108,0.500042,None,[0.0001],None
train,44,399330,0.478417,None,[0.0001],None
train,44,399552,0.609617,None,[0.0001],None
train,44,399774,0.490705,None,[0.0001],None
train,44,399996,0.619129,None,[0.0001],None
train,44,400218,0.579769,None,[0.0001],None
train,44,400440,0.445284,None,[0.0001],None
train,44,400662,0.46388,None,[0.0001],None
train,44,400884,0.493138,None,[0.0001],None
train,44,401106,0.402307,None,[0.0001],None
train,44,401328,0.433322,None,[0.0001],None
train,44,401550,0.474703,None,[0.0001],None
train,44,401772,0.465717,None,[0.0001],None
train,44,401994,0.455307,None,[0.0001],None
train,44,402216,0.521565,None,[0.0001],None
train,44,402438,0.511364,None,[0.0001],None
train,44,402660,0.465999,None,[0.0001],None
train,44,402882,0.497968,None,[0.0001],None
train,44,403104,0.535336,None,[0.0001],None
train,44,403326,0.534703,None,[0.0001],None
train,44,403548,0.354213,None,[0.0001],None
train,44,403770,0.50385,None,[0.0001],None
train,44,403992,0.499745,None,[0.0001],None
train,44,404214,0.634776,None,[0.0001],None
train,44,404436,0.521709,None,[0.0001],None
train,44,404658,0.439089,None,[0.0001],None
train,44,404658,0.439089,0.599810929,[0.0001],None
val,44,None,0.616015414,0.538561698,None,0.153836232
train,45,405000,0.509977,None,[0.0001],None
train,45,405222,0.493475,None,[0.0001],None
train,45,405444,0.44958,None,[0.0001],None
train,45,405666,0.479804,None,[0.0001],None
train,45,405888,0.390851,None,[0.0001],None
train,45,406110,0.487749,None,[0.0001],None
train,45,406332,0.597979,None,[0.0001],None
train,45,406554,0.548718,None,[0.0001],None
train,45,406776,0.459276,None,[0.0001],None
train,45,406998,0.503858,None,[0.0001],None
train,45,407220,0.460172,None,[0.0001],None
train,45,407442,0.577398,None,[0.0001],None
train,45,407664,0.486239,None,[0.0001],None
train,45,407886,0.517329,None,[0.0001],None
train,45,408108,0.484995,None,[0.0001],None
train,45,408330,0.503083,None,[0.0001],None
train,45,408552,0.485208,None,[0.0001],None
train,45,408774,0.682939,None,[0.0001],None
train,45,408996,0.51983,None,[0.0001],None
train,45,409218,0.463868,None,[0.0001],None
train,45,409440,0.537301,None,[0.0001],None
train,45,409662,0.440156,None,[0.0001],None
train,45,409884,0.592487,None,[0.0001],None
train,45,410106,0.549217,None,[0.0001],None
train,45,410328,0.586355,None,[0.0001],None
train,45,410550,0.586848,None,[0.0001],None
train,45,410772,0.562714,None,[0.0001],None
train,45,410994,0.519169,None,[0.0001],None
train,45,411216,0.610608,None,[0.0001],None
train,45,411438,0.487294,None,[0.0001],None
train,45,411660,0.475514,None,[0.0001],None
train,45,411882,0.46816,None,[0.0001],None
train,45,412104,0.521412,None,[0.0001],None
train,45,412326,0.463518,None,[0.0001],None
train,45,412548,0.590902,None,[0.0001],None
train,45,412770,0.452315,None,[0.0001],None
train,45,412992,0.483604,None,[0.0001],None
train,45,413214,0.528571,None,[0.0001],None
train,45,413436,0.441785,None,[0.0001],None
train,45,413658,0.433114,None,[0.0001],None
train,45,413658,0.433114,0.591677193,[0.0001],None
val,45,None,0.669156385,0.541076807,None,0.167121479
train,46,414000,0.503199,None,[0.0001],None
train,46,414222,0.470585,None,[0.0001],None
train,46,414444,0.563929,None,[0.0001],None
train,46,414666,0.519984,None,[0.0001],None
train,46,414888,0.490482,None,[0.0001],None
train,46,415110,0.481172,None,[0.0001],None
train,46,415332,0.465978,None,[0.0001],None
train,46,415554,0.46022,None,[0.0001],None
train,46,415776,0.466956,None,[0.0001],None
train,46,415998,0.373339,None,[0.0001],None
train,46,416220,0.550737,None,[0.0001],None
train,46,416442,0.493404,None,[0.0001],None
train,46,416664,0.55545,None,[0.0001],None
train,46,416886,0.470571,None,[0.0001],None
train,46,417108,0.430761,None,[0.0001],None
train,46,417330,0.505093,None,[0.0001],None
train,46,417552,0.451283,None,[0.0001],None
train,46,417774,0.435844,None,[0.0001],None
train,46,417996,0.451348,None,[0.0001],None
train,46,418218,0.470342,None,[0.0001],None
train,46,418440,0.544749,None,[0.0001],None
train,46,418662,0.421368,None,[0.0001],None
train,46,418884,0.474827,None,[0.0001],None
train,46,419106,0.528023,None,[0.0001],None
train,46,419328,0.51855,None,[0.0001],None
train,46,419550,0.550818,None,[0.0001],None
train,46,419772,0.500831,None,[0.0001],None
train,46,419994,0.463847,None,[0.0001],None
train,46,420216,0.546187,None,[0.0001],None
train,46,420438,0.549686,None,[0.0001],None
train,46,420660,0.535005,None,[0.0001],None
train,46,420882,0.510269,None,[0.0001],None
train,46,421104,0.489328,None,[0.0001],None
train,46,421326,0.400369,None,[0.0001],None
train,46,421548,0.538787,None,[0.0001],None
train,46,421770,0.519204,None,[0.0001],None
train,46,421992,0.481384,None,[0.0001],None
train,46,422214,0.440182,None,[0.0001],None
train,46,422436,0.48243,None,[0.0001],None
train,46,422658,0.569569,None,[0.0001],None
train,46,422658,0.569569,0.622881043,[0.0001],None
val,46,None,0.670779566,0.543578851,None,0.167527279
train,47,423000,0.411366,None,[0.0001],None
train,47,423222,0.452683,None,[0.0001],None
train,47,423444,0.501425,None,[0.0001],None
train,47,423666,0.393354,None,[0.0001],None
train,47,423888,0.447462,None,[0.0001],None
train,47,424110,0.486129,None,[0.0001],None
train,47,424332,0.544143,None,[0.0001],None
train,47,424554,0.478159,None,[0.0001],None
train,47,424776,0.589895,None,[0.0001],None
train,47,424998,0.446992,None,[0.0001],None
train,47,425220,0.47788,None,[0.0001],None
train,47,425442,0.5009,None,[0.0001],None
train,47,425664,0.614618,None,[0.0001],None
train,47,425886,0.493792,None,[0.0001],None
train,47,426108,0.538257,None,[0.0001],None
train,47,426330,0.541467,None,[0.0001],None
train,47,426552,0.495606,None,[0.0001],None
train,47,426774,0.460373,None,[0.0001],None
train,47,426996,0.427929,None,[0.0001],None
train,47,427218,0.47231,None,[0.0001],None
train,47,427440,0.48934,None,[0.0001],None
train,47,427662,0.508985,None,[0.0001],None
train,47,427884,0.53304,None,[0.0001],None
train,47,428106,0.461186,None,[0.0001],None
train,47,428328,0.514392,None,[0.0001],None
train,47,428550,0.612383,None,[0.0001],None
train,47,428772,0.473388,None,[0.0001],None
train,47,428994,0.515009,None,[0.0001],None
train,47,429216,0.354327,None,[0.0001],None
train,47,429438,0.540822,None,[0.0001],None
train,47,429660,0.562721,None,[0.0001],None
train,47,429882,0.527579,None,[0.0001],None
train,47,430104,0.525257,None,[0.0001],None
train,47,430326,0.641014,None,[0.0001],None
train,47,430548,0.477774,None,[0.0001],None
train,47,430770,0.434209,None,[0.0001],None
train,47,430992,0.422576,None,[0.0001],None
train,47,431214,0.567226,None,[0.0001],None
train,47,431436,0.557339,None,[0.0001],None
train,47,431658,0.511967,None,[0.0001],None
train,47,431658,0.511967,0.605257879,[0.0001],None
val,47,None,0.633340095,0.544890155,None,0.158167409
train,48,432000,0.608208,None,[0.0001],None
train,48,432222,0.523529,None,[0.0001],None
train,48,432444,0.472107,None,[0.0001],None
train,48,432666,0.479354,None,[0.0001],None
train,48,432888,0.463695,None,[0.0001],None
train,48,433110,0.4974,None,[0.0001],None
train,48,433332,0.56665,None,[0.0001],None
train,48,433554,0.448881,None,[0.0001],None
train,48,433776,0.543211,None,[0.0001],None
train,48,433998,0.417226,None,[0.0001],None
train,48,434220,0.52765,None,[0.0001],None
train,48,434442,0.419766,None,[0.0001],None
train,48,434664,0.459863,None,[0.0001],None
train,48,434886,0.465824,None,[0.0001],None
train,48,435108,0.470228,None,[0.0001],None
train,48,435330,0.471553,None,[0.0001],None
train,48,435552,0.3961,None,[0.0001],None
train,48,435774,0.499442,None,[0.0001],None
train,48,435996,0.485234,None,[0.0001],None
train,48,436218,0.422566,None,[0.0001],None
train,48,436440,0.343796,None,[0.0001],None
train,48,436662,0.530725,None,[0.0001],None
train,48,436884,0.470923,None,[0.0001],None
train,48,437106,0.509557,None,[0.0001],None
train,48,437328,0.436639,None,[0.0001],None
train,48,437550,0.483795,None,[0.0001],None
train,48,437772,0.445372,None,[0.0001],None
train,48,437994,0.424515,None,[0.0001],None
train,48,438216,0.53575,None,[0.0001],None
train,48,438438,0.43294,None,[0.0001],None
train,48,438660,0.461305,None,[0.0001],None
train,48,438882,0.438906,None,[0.0001],None
train,48,439104,0.492086,None,[0.0001],None
train,48,439326,0.463331,None,[0.0001],None
train,48,439548,0.416706,None,[0.0001],None
train,48,439770,0.51424,None,[0.0001],None
train,48,439992,0.466968,None,[0.0001],None
train,48,440214,0.496998,None,[0.0001],None
train,48,440436,0.555815,None,[0.0001],None
train,48,440658,0.494943,None,[0.0001],None
train,48,440658,0.494943,0.630749224,[0.0001],None
val,48,None,0.624569527,0.540647282,None,0.155974768
train,49,441000,0.531753,None,[0.0001],None
train,49,441222,0.50145,None,[0.0001],None
train,49,441444,0.543185,None,[0.0001],None
train,49,441666,0.519085,None,[0.0001],None
train,49,441888,0.491776,None,[0.0001],None
train,49,442110,0.496227,None,[0.0001],None
train,49,442332,0.478951,None,[0.0001],None
train,49,442554,0.451978,None,[0.0001],None
train,49,442776,0.643292,None,[0.0001],None
train,49,442998,0.440306,None,[0.0001],None
train,49,443220,0.469824,None,[0.0001],None
train,49,443442,0.557401,None,[0.0001],None
train,49,443664,0.447441,None,[0.0001],None
train,49,443886,0.489377,None,[0.0001],None
train,49,444108,0.436622,None,[0.0001],None
train,49,444330,0.438372,None,[0.0001],None
train,49,444552,0.54141,None,[0.0001],None
train,49,444774,0.568294,None,[0.0001],None
train,49,444996,0.483338,None,[0.0001],None
train,49,445218,0.434682,None,[0.0001],None
train,49,445440,0.533806,None,[0.0001],None
train,49,445662,0.330788,None,[0.0001],None
train,49,445884,0.500948,None,[0.0001],None
train,49,446106,0.418599,None,[0.0001],None
train,49,446328,0.490988,None,[0.0001],None
train,49,446550,0.426988,None,[0.0001],None
train,49,446772,0.56269,None,[0.0001],None
train,49,446994,0.370109,None,[0.0001],None
train,49,447216,0.495632,None,[0.0001],None
train,49,447438,0.484433,None,[0.0001],None
train,49,447660,0.568786,None,[0.0001],None
train,49,447882,0.45096,None,[0.0001],None
train,49,448104,0.433318,None,[0.0001],None
train,49,448326,0.398149,None,[0.0001],None
train,49,448548,0.40485,None,[0.0001],None
train,49,448770,0.430788,None,[0.0001],None
train,49,448992,0.534953,None,[0.0001],None
train,49,449214,0.519623,None,[0.0001],None
train,49,449436,0.442549,None,[0.0001],None
train,49,449658,0.430871,None,[0.0001],None
train,49,449658,0.430871,0.627356835,[0.0001],None
val,49,None,0.74351649,0.53206939,None,0.185711508
train,50,450000,0.570168,None,[0.0001],None
train,50,450222,0.408214,None,[0.0001],None
train,50,450444,0.522553,None,[0.0001],None
train,50,450666,0.49997,None,[0.0001],None
train,50,450888,0.525155,None,[0.0001],None
train,50,451110,0.474012,None,[0.0001],None
train,50,451332,0.461573,None,[0.0001],None
train,50,451554,0.511222,None,[0.0001],None
train,50,451776,0.551928,None,[0.0001],None
train,50,451998,0.362575,None,[0.0001],None
train,50,452220,0.533805,None,[0.0001],None
train,50,452442,0.414504,None,[0.0001],None
train,50,452664,0.500569,None,[0.0001],None
train,50,452886,0.480176,None,[0.0001],None
train,50,453108,0.547911,None,[0.0001],None
train,50,453330,0.481606,None,[0.0001],None
train,50,453552,0.444543,None,[0.0001],None
train,50,453774,0.459794,None,[0.0001],None
train,50,453996,0.471248,None,[0.0001],None
train,50,454218,0.488906,None,[0.0001],None
train,50,454440,0.464582,None,[0.0001],None
train,50,454662,0.481066,None,[0.0001],None
train,50,454884,0.503448,None,[0.0001],None
train,50,455106,0.615464,None,[0.0001],None
train,50,455328,0.421169,None,[0.0001],None
train,50,455550,0.389521,None,[0.0001],None
train,50,455772,0.478989,None,[0.0001],None
train,50,455994,0.497107,None,[0.0001],None
train,50,456216,0.495279,None,[0.0001],None
train,50,456438,0.419226,None,[0.0001],None
train,50,456660,0.539642,None,[0.0001],None
train,50,456882,0.548596,None,[0.0001],None
train,50,457104,0.509051,None,[0.0001],None
train,50,457326,0.463231,None,[0.0001],None
train,50,457548,0.503693,None,[0.0001],None
train,50,457770,0.482478,None,[0.0001],None
train,50,457992,0.445182,None,[0.0001],None
train,50,458214,0.436449,None,[0.0001],None
train,50,458436,0.468403,None,[0.0001],None
train,50,458658,0.481938,None,[0.0001],None
train,50,458658,0.481938,0.615515256,[0.0001],None
val,50,None,0.619150053,0.544577951,None,0.154619893
train,51,459000,0.518309,None,[0.0001],None
train,51,459222,0.450218,None,[0.0001],None
train,51,459444,0.436131,None,[0.0001],None
train,51,459666,0.497646,None,[0.0001],None
train,51,459888,0.330017,None,[0.0001],None
train,51,460110,0.436484,None,[0.0001],None
train,51,460332,0.675193,None,[0.0001],None
train,51,460554,0.47279,None,[0.0001],None
train,51,460776,0.47985,None,[0.0001],None
train,51,460998,0.53395,None,[0.0001],None
train,51,461220,0.48926,None,[0.0001],None
train,51,461442,0.479513,None,[0.0001],None
train,51,461664,0.454911,None,[0.0001],None
train,51,461886,0.461572,None,[0.0001],None
train,51,462108,0.512332,None,[0.0001],None
train,51,462330,0.562761,None,[0.0001],None
train,51,462552,0.519297,None,[0.0001],None
train,51,462774,0.400684,None,[0.0001],None
train,51,462996,0.423434,None,[0.0001],None
train,51,463218,0.605008,None,[0.0001],None
train,51,463440,0.596481,None,[0.0001],None
train,51,463662,0.435412,None,[0.0001],None
train,51,463884,0.5145,None,[0.0001],None
train,51,464106,0.651498,None,[0.0001],None
train,51,464328,0.651553,None,[0.0001],None
train,51,464550,0.603735,None,[0.0001],None
train,51,464772,0.550973,None,[0.0001],None
train,51,464994,0.521123,None,[0.0001],None
train,51,465216,0.623238,None,[0.0001],None
train,51,465438,0.547039,None,[0.0001],None
train,51,465660,0.523335,None,[0.0001],None
train,51,465882,0.488589,None,[0.0001],None
train,51,466104,0.47469,None,[0.0001],None
train,51,466326,0.521279,None,[0.0001],None
train,51,466548,0.537813,None,[0.0001],None
train,51,466770,0.485792,None,[0.0001],None
train,51,466992,0.406641,None,[0.0001],None
train,51,467214,0.646052,None,[0.0001],None
train,51,467436,0.440216,None,[0.0001],None
train,51,467658,0.47013,None,[0.0001],None
train,51,467658,0.47013,0.614743225,[0.0001],None
val,51,None,0.629219016,0.550164447,None,0.157137125
train,52,468000,0.55377,None,[0.0001],None
train,52,468222,0.479824,None,[0.0001],None
train,52,468444,0.453548,None,[0.0001],None
train,52,468666,0.506996,None,[0.0001],None
train,52,468888,0.492828,None,[0.0001],None
train,52,469110,0.4828,None,[0.0001],None
train,52,469332,0.502245,None,[0.0001],None
train,52,469554,0.534768,None,[0.0001],None
train,52,469776,0.423137,None,[0.0001],None
train,52,469998,0.549002,None,[0.0001],None
train,52,470220,0.465371,None,[0.0001],None
train,52,470442,0.48744,None,[0.0001],None
train,52,470664,0.466636,None,[0.0001],None
train,52,470886,0.555476,None,[0.0001],None
train,52,471108,0.481574,None,[0.0001],None
train,52,471330,0.45161,None,[0.0001],None
train,52,471552,0.511581,None,[0.0001],None
train,52,471774,0.569631,None,[0.0001],None
train,52,471996,0.562556,None,[0.0001],None
train,52,472218,0.379786,None,[0.0001],None
train,52,472440,0.516801,None,[0.0001],None
train,52,472662,0.496444,None,[0.0001],None
train,52,472884,0.505068,None,[0.0001],None
train,52,473106,0.523777,None,[0.0001],None
train,52,473328,0.485493,None,[0.0001],None
train,52,473550,0.547784,None,[0.0001],None
train,52,473772,0.50871,None,[0.0001],None
train,52,473994,0.506989,None,[0.0001],None
train,52,474216,0.552284,None,[0.0001],None
train,52,474438,0.421862,None,[0.0001],None
train,52,474660,0.442829,None,[0.0001],None
train,52,474882,0.421527,None,[0.0001],None
train,52,475104,0.462423,None,[0.0001],None
train,52,475326,0.46174,None,[0.0001],None
train,52,475548,0.486287,None,[0.0001],None
train,52,475770,0.360695,None,[0.0001],None
train,52,475992,0.504929,None,[0.0001],None
train,52,476214,0.481497,None,[0.0001],None
train,52,476436,0.538979,None,[0.0001],None
train,52,476658,0.403943,None,[0.0001],None
train,52,476658,0.403943,0.599014662,[0.0001],None
val,52,None,0.632754595,0.54528929,None,0.15802102
train,53,477000,0.556759,None,[0.0001],None
train,53,477222,0.530804,None,[0.0001],None
train,53,477444,0.466327,None,[0.0001],None
train,53,477666,0.512605,None,[0.0001],None
train,53,477888,0.532389,None,[0.0001],None
train,53,478110,0.441205,None,[0.0001],None
train,53,478332,0.511566,None,[0.0001],None
train,53,478554,0.34474,None,[0.0001],None
train,53,478776,0.434615,None,[0.0001],None
train,53,478998,0.405019,None,[0.0001],None
train,53,479220,0.475781,None,[0.0001],None
train,53,479442,0.427923,None,[0.0001],None
train,53,479664,0.477927,None,[0.0001],None
train,53,479886,0.40386,None,[0.0001],None
train,53,480108,0.434086,None,[0.0001],None
train,53,480330,0.387047,None,[0.0001],None
train,53,480552,0.394113,None,[0.0001],None
train,53,480774,0.520263,None,[0.0001],None
train,53,480996,0.446718,None,[0.0001],None
train,53,481218,0.431969,None,[0.0001],None
train,53,481440,0.57931,None,[0.0001],None
train,53,481662,0.450947,None,[0.0001],None
train,53,481884,0.514141,None,[0.0001],None
train,53,482106,0.449234,None,[0.0001],None
train,53,482328,0.47748,None,[0.0001],None
train,53,482550,0.457493,None,[0.0001],None
train,53,482772,0.502032,None,[0.0001],None
train,53,482994,0.51086,None,[0.0001],None
train,53,483216,0.494822,None,[0.0001],None
train,53,483438,0.457962,None,[0.0001],None
train,53,483660,0.318753,None,[0.0001],None
train,53,483882,0.468064,None,[0.0001],None
train,53,484104,0.603438,None,[0.0001],None
train,53,484326,0.526973,None,[0.0001],None
train,53,484548,0.475227,None,[0.0001],None
train,53,484770,0.533973,None,[0.0001],None
train,53,484992,0.468938,None,[0.0001],None
train,53,485214,0.342043,None,[0.0001],None
train,53,485436,0.349033,None,[0.0001],None
train,53,485658,0.464638,None,[0.0001],None
train,53,485658,0.464638,0.635573959,[0.0001],None
val,53,None,0.640051846,0.546005355,None,0.159845342
train,54,486000,0.487415,None,[0.0001],None
train,54,486222,0.42402,None,[0.0001],None
train,54,486444,0.45,None,[0.0001],None
train,54,486666,0.595375,None,[0.0001],None
train,54,486888,0.414564,None,[0.0001],None
train,54,487110,0.432425,None,[0.0001],None
train,54,487332,0.504725,None,[0.0001],None
train,54,487554,0.40026,None,[0.0001],None
train,54,487776,0.401646,None,[0.0001],None
train,54,487998,0.416105,None,[0.0001],None
train,54,488220,0.447135,None,[0.0001],None
train,54,488442,0.514556,None,[0.0001],None
train,54,488664,0.385526,None,[0.0001],None
train,54,488886,0.374041,None,[0.0001],None
train,54,489108,0.473275,None,[0.0001],None
train,54,489330,0.430031,None,[0.0001],None
train,54,489552,0.475192,None,[0.0001],None
train,54,489774,0.394708,None,[0.0001],None
train,54,489996,0.459965,None,[0.0001],None
train,54,490218,0.392423,None,[0.0001],None
train,54,490440,0.493534,None,[0.0001],None
train,54,490662,0.440109,None,[0.0001],None
train,54,490884,0.378196,None,[0.0001],None
train,54,491106,0.358965,None,[0.0001],None
train,54,491328,0.424083,None,[0.0001],None
train,54,491550,0.561308,None,[0.0001],None
train,54,491772,0.531103,None,[0.0001],None
train,54,491994,0.35031,None,[0.0001],None
train,54,492216,0.45186,None,[0.0001],None
train,54,492438,0.557742,None,[0.0001],None
train,54,492660,0.414771,None,[0.0001],None
train,54,492882,0.455577,None,[0.0001],None
train,54,493104,0.485053,None,[0.0001],None
train,54,493326,0.52054,None,[0.0001],None
train,54,493548,0.571573,None,[0.0001],None
train,54,493770,0.551384,None,[0.0001],None
train,54,493992,0.482542,None,[0.0001],None
train,54,494214,0.427754,None,[0.0001],None
train,54,494436,0.486991,None,[0.0001],None
train,54,494658,0.540186,None,[0.0001],None
train,54,494658,0.540186,0.631469607,[0.0001],None
val,54,None,0.611391317,0.54754276,None,0.1526802